image_id,hasGW,dangerous_feature_id
0,False,1
1,True,0
2,False,0
3,False,0
4,False,0
5,True,1
6,True,1
7,True,0
8,True,0
9,True,1
10,False,1
11,False,1
12,True,0
13,False,1
14,False,1
15,False,1
16,True,0
17,True,1
18,True,0
19,False,0
20,False,0
21,False,1
22,False,1
23,True,1
24,True,1
25,False,1
26,False,1
27,False,0
28,False,0
29,False,1
30,False,0
31,True,1
32,False,1
33,True,0
34,False,0
35,True,0
36,True,1
37,True,0
38,False,1
39,True,0
40,True,1
41,False,0
42,True,0
43,True,1
44,True,1
45,True,1
46,False,1
47,False,1
48,True,0
49,True,0
50,False,1
51,True,0
52,True,1
53,True,1
54,False,0
55,False,0
56,True,1
57,True,1
58,True,1
59,True,0
60,True,0
61,True,1
62,False,0
63,False,1
64,True,1
65,False,1
66,True,0
67,True,0
68,False,0
69,False,0
70,True,0
71,True,0
72,False,0
73,True,1
74,True,0
75,True,1
76,False,0
77,True,0
78,False,1
79,False,1
80,True,1
81,False,0
82,False,1
83,True,1
84,False,0
85,False,0
86,False,0
87,False,0
88,True,0
89,False,0
90,True,1
91,False,1
92,False,0
93,False,1
94,False,0
95,True,0
96,False,1
97,False,1
98,True,0
99,True,1
100,False,1
101,False,1
102,True,0
103,False,1
104,True,0
105,True,1
106,False,0
107,False,1
108,True,1
109,False,0
110,False,0
111,True,0
112,True,1
113,True,0
114,True,1
115,False,1
116,False,0
117,True,1
118,True,0
119,True,0
120,True,0
121,False,1
122,False,0
123,False,0
124,True,0
125,False,1
126,False,0
127,False,0
128,True,1
129,False,1
130,False,1
131,False,0
132,False,0
133,False,0
134,True,1
135,True,1
136,True,1
137,False,0
138,False,1
139,True,0
140,True,0
141,False,1
142,False,1
143,True,0
144,True,1
145,False,0
146,False,0
147,True,1
148,False,1
149,True,1
150,False,1
151,True,0
152,False,0
153,False,0
154,False,0
155,False,0
156,True,1
157,True,1
158,False,1
159,True,1
160,True,0
161,True,1
162,True,0
163,True,1
164,True,0
165,True,1
166,False,0
167,True,0
168,True,1
169,False,0
170,False,0
171,True,0
172,False,0
173,True,0
174,True,0
175,False,0
176,False,1
177,False,1
178,False,1
179,False,0
180,True,1
181,False,1
182,False,1
183,True,1
184,True,0
185,True,1
186,True,0
187,True,1
188,False,1
189,True,1
190,False,1
191,True,0
192,True,0
193,False,0
194,True,0
195,True,1
196,False,1
197,False,1
198,False,1
199,True,0
200,True,0
201,True,0
202,False,0
203,True,0
204,False,0
205,False,1
206,False,0
207,False,1
208,True,0
209,False,0
210,True,0
211,False,0
212,False,1
213,False,0
214,False,0
215,False,0
216,True,0
217,True,0
218,True,0
219,True,0
220,True,0
221,True,0
222,True,0
223,False,1
224,True,1
225,True,0
226,False,0
227,True,0
228,True,0
229,False,0
230,True,0
231,True,1
232,False,0
233,False,0
234,False,0
235,True,0
236,True,1
237,False,0
238,False,1
239,False,0
240,False,0
241,True,0
242,False,1
243,False,0
244,False,0
245,False,0
246,False,1
247,False,1
248,False,1
249,True,0
250,False,0
251,True,0
252,True,0
253,False,1
254,True,1
255,False,0
256,False,1
257,True,0
258,False,0
259,True,0
260,True,0
261,False,1
262,True,0
263,False,1
264,True,0
265,True,0
266,False,1
267,True,1
268,True,1
269,True,1
270,True,1
271,True,0
272,True,1
273,False,1
274,True,1
275,False,0
276,True,1
277,False,1
278,True,1
279,False,1
280,True,1
281,False,1
282,True,1
283,True,1
284,True,1
285,False,0
286,False,0
287,True,0
288,False,0
289,True,1
290,True,0
291,True,0
292,False,0
293,True,1
294,True,0
295,True,0
296,True,0
297,False,0
298,True,0
299,False,1
300,True,1
301,False,1
302,True,0
303,False,0
304,False,1
305,False,0
306,False,0
307,True,1
308,True,1
309,False,0
310,True,1
311,False,0
312,True,1
313,False,0
314,False,1
315,False,1
316,True,1
317,False,1
318,False,0
319,True,0
320,True,1
321,True,0
322,False,0
323,True,1
324,False,0
325,True,1
326,False,0
327,True,1
328,False,0
329,True,0
330,True,0
331,False,0
332,True,0
333,False,1
334,True,0
335,True,1
336,False,0
337,False,1
338,True,1
339,True,1
340,False,0
341,True,0
342,True,0
343,True,1
344,True,1
345,True,0
346,False,1
347,False,1
348,False,1
349,False,0
350,True,1
351,True,0
352,True,1
353,False,1
354,True,1
355,True,0
356,True,0
357,True,0
358,True,1
359,True,0
360,False,1
361,True,0
362,False,0
363,False,0
364,True,1
365,False,0
366,False,0
367,True,1
368,True,1
369,True,1
370,True,1
371,True,0
372,False,1
373,True,1
374,True,0
375,True,0
376,True,0
377,True,0
378,True,0
379,False,1
380,False,1
381,False,0
382,False,1
383,False,1
384,True,0
385,False,0
386,False,0
387,True,0
388,False,1
389,False,1
390,False,0
391,True,0
392,False,0
393,True,0
394,False,1
395,False,1
396,False,1
397,True,0
398,False,0
399,False,1
400,False,1
401,True,1
402,False,1
403,True,1
404,True,1
405,False,0
406,True,1
407,True,0
408,False,1
409,False,1
410,False,0
411,False,0
412,False,1
413,True,1
414,False,0
415,False,0
416,False,0
417,False,0
418,True,1
419,True,0
420,True,1
421,True,1
422,True,1
423,False,0
424,False,0
425,True,0
426,False,1
427,False,0
428,True,0
429,False,1
430,True,0
431,True,1
432,False,0
433,False,0
434,False,1
435,False,1
436,False,0
437,True,0
438,True,0
439,False,1
440,False,1
441,False,0
442,False,1
443,False,1
444,True,0
445,False,0
446,False,0
447,False,0
448,False,1
449,False,0
450,False,0
451,True,0
452,True,0
453,False,1
454,True,0
455,False,0
456,True,0
457,True,0
458,True,1
459,False,0
460,True,1
461,False,0
462,False,1
463,True,0
464,True,1
465,False,0
466,False,1
467,True,0
468,False,1
469,True,0
470,False,1
471,True,0
472,True,0
473,True,0
474,False,1
475,False,1
476,False,0
477,False,0
478,True,1
479,False,1
480,True,1
481,False,1
482,True,1
483,False,0
484,False,1
485,False,0
486,False,0
487,True,0
488,True,0
489,False,1
490,False,1
491,False,0
492,False,0
493,True,0
494,False,0
495,False,1
496,True,0
497,True,0
498,False,1
499,True,0
500,False,0
501,True,0
502,False,1
503,True,0
504,False,1
505,False,0
506,True,1
507,True,1
508,True,0
509,True,0
510,False,1
511,False,1
512,False,1
513,False,0
514,False,0
515,True,1
516,False,0
517,False,0
518,True,0
519,True,1
520,True,0
521,True,1
522,False,0
523,False,1
524,False,0
525,False,1
526,True,1
527,True,0
528,True,0
529,True,1
530,True,0
531,False,1
532,False,0
533,False,1
534,False,0
535,True,0
536,False,0
537,True,1
538,True,0
539,True,0
540,False,0
541,True,1
542,False,0
543,False,0
544,True,1
545,True,0
546,False,1
547,False,0
548,False,0
549,False,1
550,False,0
551,False,0
552,True,1
553,False,1
554,True,0
555,False,1
556,False,0
557,True,1
558,True,0
559,False,1
560,True,0
561,False,1
562,True,0
563,True,1
564,True,1
565,False,0
566,False,0
567,False,0
568,False,0
569,False,1
570,True,1
571,False,1
572,True,1
573,False,1
574,True,0
575,True,0
576,False,1
577,False,0
578,False,0
579,True,0
580,True,0
581,True,0
582,False,0
583,True,1
584,True,0
585,True,1
586,True,1
587,True,1
588,True,1
589,False,0
590,True,0
591,False,0
592,True,1
593,False,1
594,False,1
595,False,1
596,False,1
597,True,0
598,False,0
599,False,1
600,True,0
601,False,1
602,True,0
603,False,0
604,False,0
605,True,1
606,True,0
607,True,1
608,True,1
609,False,1
610,False,1
611,True,0
612,False,1
613,True,0
614,False,1
615,True,1
616,False,0
617,False,0
618,False,1
619,True,1
620,True,1
621,True,0
622,False,0
623,True,1
624,False,0
625,True,0
626,True,1
627,True,1
628,True,1
629,False,0
630,False,0
631,True,0
632,False,0
633,True,0
634,False,0
635,False,1
636,False,0
637,False,0
638,False,0
639,True,1
640,True,0
641,True,0
642,False,0
643,True,0
644,False,0
645,True,0
646,True,1
647,True,1
648,False,0
649,True,1
650,True,1
651,True,1
652,True,1
653,False,1
654,True,1
655,False,1
656,False,1
657,False,0
658,False,1
659,True,0
660,False,1
661,True,1
662,False,0
663,False,1
664,True,0
665,True,0
666,True,0
667,False,0
668,True,1
669,False,1
670,True,0
671,False,0
672,False,0
673,False,1
674,False,0
675,False,1
676,False,1
677,True,0
678,True,0
679,False,0
680,False,0
681,True,1
682,False,1
683,True,0
684,True,1
685,False,0
686,True,1
687,True,1
688,True,0
689,True,0
690,False,1
691,False,1
692,False,1
693,True,1
694,False,1
695,True,1
696,True,1
697,False,0
698,True,0
699,False,1
700,True,0
701,False,1
702,True,0
703,False,1
704,False,1
705,True,1
706,False,1
707,False,1
708,True,0
709,True,0
710,True,0
711,False,0
712,False,1
713,False,1
714,True,0
715,True,1
716,False,1
717,True,0
718,False,1
719,True,0
720,False,0
721,True,0
722,True,0
723,False,1
724,True,0
725,False,0
726,True,0
727,False,0
728,True,1
729,False,0
730,True,1
731,True,0
732,True,1
733,True,0
734,True,0
735,False,0
736,True,0
737,False,1
738,False,0
739,False,1
740,False,0
741,False,1
742,True,1
743,False,1
744,True,1
745,False,0
746,False,1
747,False,1
748,False,0
749,True,0
750,True,1
751,True,1
752,False,0
753,True,1
754,False,1
755,False,0
756,True,0
757,True,1
758,True,1
759,True,0
760,False,1
761,True,1
762,False,1
763,True,0
764,False,1
765,True,1
766,True,0
767,False,1
768,True,1
769,True,1
770,False,1
771,False,0
772,False,0
773,False,1
774,True,0
775,True,1
776,False,0
777,False,1
778,True,0
779,True,0
780,True,1
781,False,1
782,False,1
783,True,0
784,False,0
785,True,1
786,True,0
787,False,0
788,False,0
789,False,1
790,True,0
791,True,0
792,True,1
793,False,0
794,False,0
795,True,1
796,False,0
797,True,1
798,False,1
799,False,0
800,True,1
801,False,1
802,True,1
803,False,0
804,False,1
805,True,0
806,False,0
807,False,1
808,True,1
809,False,1
810,True,0
811,False,0
812,True,0
813,False,0
814,True,1
815,True,0
816,False,0
817,True,0
818,True,0
819,False,0
820,True,0
821,False,1
822,True,1
823,False,0
824,True,1
825,False,1
826,False,1
827,False,1
828,False,0
829,True,0
830,False,0
831,True,0
832,True,0
833,True,1
834,True,0
835,True,0
836,False,1
837,False,1
838,False,1
839,False,1
840,True,0
841,True,0
842,True,1
843,False,0
844,True,0
845,True,1
846,False,0
847,True,1
848,True,0
849,True,0
850,False,0
851,False,1
852,False,0
853,True,1
854,False,1
855,True,0
856,True,0
857,False,1
858,False,1
859,False,0
860,False,1
861,True,1
862,False,1
863,False,0
864,True,1
865,True,0
866,False,0
867,False,0
868,False,1
869,True,1
870,True,1
871,True,1
872,False,1
873,True,1
874,False,1
875,False,1
876,False,1
877,False,0
878,True,1
879,True,0
880,True,0
881,False,1
882,True,0
883,False,1
884,True,0
885,False,0
886,True,0
887,True,1
888,False,1
889,True,1
890,True,1
891,True,1
892,True,0
893,True,1
894,False,0
895,False,0
896,False,0
897,False,0
898,False,1
899,False,0
900,True,0
901,True,1
902,False,0
903,True,1
904,False,0
905,False,1
906,False,0
907,True,1
908,False,1
909,True,1
910,True,1
911,True,0
912,False,0
913,False,0
914,True,1
915,False,0
916,False,0
917,False,0
918,True,0
919,True,1
920,False,0
921,False,0
922,False,0
923,False,0
924,False,1
925,False,0
926,False,0
927,True,0
928,False,0
929,True,0
930,False,0
931,False,0
932,False,0
933,True,0
934,False,1
935,True,1
936,False,0
937,False,0
938,False,1
939,True,0
940,False,0
941,True,1
942,False,1
943,True,0
944,True,0
945,True,0
946,False,0
947,False,0
948,False,0
949,False,1
950,False,0
951,True,0
952,True,0
953,True,1
954,False,0
955,True,1
956,True,0
957,True,0
958,False,0
959,True,1
960,True,0
961,False,0
962,False,0
963,False,0
964,False,0
965,True,0
966,False,1
967,True,0
968,True,0
969,False,1
970,False,1
971,True,0
972,False,0
973,False,1
974,True,0
975,False,0
976,True,0
977,True,0
978,True,0
979,False,1
980,False,0
981,True,0
982,False,0
983,False,0
984,False,1
985,True,0
986,False,0
987,False,0
988,False,1
989,True,0
990,True,1
991,True,0
992,False,0
993,False,0
994,True,0
995,False,0
996,True,0
997,True,0
998,True,0
999,True,0
1000,False,1
1001,False,1
1002,True,0
1003,False,1
1004,True,0
1005,False,1
1006,False,1
1007,True,0
1008,False,1
1009,False,0
1010,False,1
1011,False,1
1012,False,1
1013,False,1
1014,True,0
1015,False,0
1016,False,0
1017,False,1
1018,True,0
1019,False,0
1020,False,0
1021,False,1
1022,False,0
1023,True,0
1024,False,1
1025,False,0
1026,False,1
1027,False,0
1028,False,0
1029,True,1
1030,False,0
1031,False,0
1032,False,0
1033,True,0
1034,True,0
1035,False,1
1036,False,0
1037,False,1
1038,False,0
1039,False,1
1040,False,1
1041,False,1
1042,False,1
1043,False,0
1044,False,0
1045,False,1
1046,False,1
1047,False,1
1048,True,0
1049,False,1
1050,True,1
1051,True,1
1052,False,0
1053,True,1
1054,True,1
1055,False,0
1056,False,0
1057,True,1
1058,False,1
1059,False,0
1060,False,1
1061,True,0
1062,False,0
1063,True,0
1064,True,1
1065,False,0
1066,True,1
1067,False,0
1068,True,1
1069,True,1
1070,False,0
1071,True,0
1072,True,0
1073,False,0
1074,False,1
1075,True,1
1076,True,1
1077,True,1
1078,True,0
1079,True,0
1080,True,1
1081,False,1
1082,False,0
1083,True,0
1084,False,1
1085,False,0
1086,True,0
1087,False,0
1088,False,1
1089,True,1
1090,True,1
1091,True,0
1092,True,0
1093,True,1
1094,True,0
1095,False,1
1096,True,1
1097,False,1
1098,True,1
1099,False,0
1100,False,0
1101,True,0
1102,True,0
1103,True,0
1104,False,0
1105,False,0
1106,False,0
1107,True,0
1108,False,1
1109,False,1
1110,True,0
1111,True,1
1112,False,1
1113,True,0
1114,False,1
1115,False,0
1116,True,1
1117,True,0
1118,False,0
1119,False,1
1120,True,0
1121,True,1
1122,False,1
1123,False,0
1124,True,0
1125,False,1
1126,True,1
1127,False,1
1128,True,0
1129,False,0
1130,False,1
1131,False,0
1132,True,1
1133,True,0
1134,True,1
1135,True,1
1136,True,0
1137,True,0
1138,False,1
1139,False,0
1140,False,1
1141,True,1
1142,True,1
1143,False,0
1144,True,0
1145,False,0
1146,True,1
1147,True,0
1148,False,0
1149,False,0
1150,True,0
1151,False,1
1152,False,1
1153,True,0
1154,False,0
1155,False,1
1156,False,1
1157,False,0
1158,True,1
1159,False,1
1160,False,1
1161,False,1
1162,False,1
1163,False,1
1164,True,1
1165,False,1
1166,True,0
1167,True,0
1168,True,1
1169,True,0
1170,False,0
1171,True,0
1172,True,0
1173,False,0
1174,False,1
1175,False,1
1176,False,0
1177,False,0
1178,False,0
1179,True,0
1180,False,1
1181,False,0
1182,True,1
1183,False,0
1184,False,0
1185,True,1
1186,True,1
1187,True,1
1188,True,1
1189,True,1
1190,True,1
1191,False,1
1192,False,1
1193,True,0
1194,False,1
1195,False,1
1196,False,0
1197,False,1
1198,False,0
1199,False,1
1200,True,0
1201,False,1
1202,True,0
1203,True,1
1204,False,0
1205,True,1
1206,False,0
1207,True,0
1208,False,0
1209,True,1
1210,False,1
1211,True,0
1212,False,0
1213,True,1
1214,True,0
1215,True,0
1216,True,1
1217,False,1
1218,False,1
1219,True,0
1220,False,0
1221,True,0
1222,True,0
1223,False,1
1224,False,0
1225,True,0
1226,True,1
1227,False,0
1228,True,1
1229,True,1
1230,True,0
1231,True,0
1232,True,1
1233,True,1
1234,True,1
1235,False,0
1236,False,0
1237,True,1
1238,True,0
1239,True,0
1240,False,1
1241,True,0
1242,False,0
1243,False,0
1244,False,1
1245,False,1
1246,True,0
1247,True,1
1248,False,0
1249,True,0
1250,True,0
1251,True,0
1252,True,0
1253,False,0
1254,False,1
1255,True,1
1256,True,0
1257,False,1
1258,True,0
1259,True,0
1260,True,1
1261,True,1
1262,True,0
1263,True,0
1264,False,0
1265,True,0
1266,False,0
1267,False,0
1268,False,0
1269,True,0
1270,False,0
1271,False,0
1272,True,1
1273,False,0
1274,False,0
1275,True,1
1276,True,1
1277,True,1
1278,True,1
1279,True,0
1280,True,0
1281,False,1
1282,True,0
1283,False,1
1284,False,0
1285,True,0
1286,False,1
1287,False,1
1288,False,1
1289,False,0
1290,False,1
1291,True,0
1292,False,0
1293,True,0
1294,True,0
1295,False,1
1296,False,1
1297,False,1
1298,False,0
1299,True,1
1300,False,0
1301,False,1
1302,False,0
1303,True,1
1304,True,1
1305,False,1
1306,True,1
1307,True,1
1308,True,1
1309,True,0
1310,False,0
1311,True,0
1312,False,0
1313,True,1
1314,True,0
1315,True,1
1316,False,1
1317,False,0
1318,False,1
1319,True,1
1320,True,1
1321,False,0
1322,True,1
1323,False,0
1324,True,1
1325,True,0
1326,False,1
1327,False,1
1328,False,0
1329,True,1
1330,True,1
1331,False,1
1332,True,0
1333,False,1
1334,False,1
1335,False,1
1336,False,1
1337,False,1
1338,False,0
1339,True,1
1340,True,1
1341,True,1
1342,True,0
1343,False,0
1344,True,0
1345,False,0
1346,True,1
1347,False,0
1348,False,1
1349,False,0
1350,False,1
1351,True,0
1352,True,0
1353,False,0
1354,False,0
1355,True,1
1356,False,1
1357,True,1
1358,False,1
1359,True,1
1360,False,1
1361,False,1
1362,True,1
1363,False,1
1364,False,0
1365,True,0
1366,True,0
1367,True,0
1368,True,0
1369,False,0
1370,False,0
1371,False,0
1372,False,0
1373,True,0
1374,False,0
1375,False,0
1376,False,1
1377,True,0
1378,True,1
1379,False,0
1380,True,1
1381,False,1
1382,False,0
1383,True,1
1384,False,0
1385,False,0
1386,False,1
1387,False,0
1388,False,1
1389,True,0
1390,True,0
1391,True,0
1392,True,1
1393,True,0
1394,False,0
1395,True,1
1396,False,0
1397,True,1
1398,False,1
1399,False,1
1400,False,0
1401,True,0
1402,False,1
1403,True,0
1404,False,1
1405,True,1
1406,True,1
1407,True,0
1408,True,1
1409,True,0
1410,False,1
1411,False,0
1412,False,0
1413,False,0
1414,True,1
1415,True,1
1416,True,0
1417,False,1
1418,True,1
1419,True,0
1420,False,1
1421,True,0
1422,True,1
1423,True,1
1424,False,1
1425,True,1
1426,True,1
1427,True,1
1428,True,0
1429,False,1
1430,True,0
1431,False,1
1432,True,1
1433,False,1
1434,False,1
1435,False,1
1436,True,0
1437,True,1
1438,False,0
1439,True,0
1440,False,1
1441,False,1
1442,True,0
1443,False,1
1444,True,0
1445,False,0
1446,True,1
1447,False,0
1448,False,0
1449,False,1
1450,False,0
1451,False,1
1452,False,0
1453,True,0
1454,True,0
1455,True,1
1456,False,1
1457,True,1
1458,False,0
1459,False,0
1460,True,1
1461,False,0
1462,False,0
1463,True,1
1464,False,0
1465,True,1
1466,True,1
1467,True,1
1468,True,1
1469,False,1
1470,False,1
1471,True,0
1472,False,1
1473,False,0
1474,True,0
1475,True,1
1476,False,1
1477,False,0
1478,True,0
1479,True,1
1480,False,0
1481,True,0
1482,False,1
1483,False,1
1484,True,0
1485,True,0
1486,True,1
1487,True,0
1488,False,1
1489,False,1
1490,True,0
1491,True,0
1492,True,1
1493,True,1
1494,False,0
1495,False,0
1496,False,0
1497,True,0
1498,False,1
1499,True,1
1500,True,0
1501,True,1
1502,True,1
1503,True,0
1504,False,1
1505,True,0
1506,True,0
1507,False,1
1508,False,0
1509,False,0
1510,False,0
1511,False,1
1512,True,1
1513,False,1
1514,True,1
1515,True,1
1516,False,0
1517,True,1
1518,False,1
1519,True,0
1520,False,0
1521,False,1
1522,False,0
1523,True,0
1524,False,1
1525,True,0
1526,False,0
1527,True,0
1528,True,0
1529,True,1
1530,False,1
1531,False,1
1532,False,0
1533,True,1
1534,True,0
1535,False,0
1536,True,1
1537,True,1
1538,False,1
1539,True,0
1540,False,1
1541,True,1
1542,False,0
1543,False,0
1544,True,0
1545,True,0
1546,False,0
1547,False,0
1548,False,1
1549,False,0
1550,True,0
1551,True,1
1552,True,0
1553,False,1
1554,True,1
1555,False,1
1556,True,0
1557,False,1
1558,True,1
1559,False,1
1560,True,1
1561,False,0
1562,False,1
1563,False,0
1564,False,0
1565,False,1
1566,False,0
1567,False,1
1568,False,1
1569,True,0
1570,False,1
1571,False,1
1572,False,0
1573,False,1
1574,False,1
1575,False,1
1576,True,0
1577,False,1
1578,True,1
1579,False,0
1580,False,0
1581,True,1
1582,False,0
1583,True,0
1584,False,1
1585,True,1
1586,True,0
1587,False,0
1588,True,1
1589,True,1
1590,False,0
1591,True,0
1592,True,1
1593,True,0
1594,True,1
1595,True,0
1596,False,0
1597,True,1
1598,True,1
1599,False,0
1600,True,1
1601,True,1
1602,True,1
1603,False,0
1604,False,1
1605,True,0
1606,False,1
1607,True,1
1608,False,1
1609,True,0
1610,False,1
1611,True,1
1612,True,1
1613,True,1
1614,True,0
1615,True,0
1616,True,0
1617,True,0
1618,True,1
1619,True,1
1620,False,1
1621,True,0
1622,False,0
1623,False,1
1624,False,0
1625,True,0
1626,False,1
1627,True,0
1628,False,0
1629,True,1
1630,True,0
1631,False,0
1632,False,0
1633,True,0
1634,False,0
1635,False,0
1636,True,1
1637,False,1
1638,True,0
1639,False,1
1640,True,0
1641,True,0
1642,False,0
1643,False,1
1644,True,0
1645,False,0
1646,False,1
1647,False,0
1648,True,0
1649,True,0
1650,False,0
1651,False,1
1652,False,0
1653,False,0
1654,True,0
1655,False,0
1656,False,0
1657,False,0
1658,True,0
1659,False,0
1660,False,1
1661,True,0
1662,False,0
1663,True,0
1664,False,1
1665,True,0
1666,False,0
1667,False,0
1668,False,0
1669,True,0
1670,True,0
1671,True,1
1672,False,1
1673,False,1
1674,False,0
1675,True,0
1676,True,1
1677,True,0
1678,False,0
1679,True,0
1680,False,1
1681,True,0
1682,False,1
1683,False,0
1684,False,0
1685,False,1
1686,False,0
1687,True,0
1688,True,0
1689,True,0
1690,False,0
1691,False,1
1692,False,0
1693,True,1
1694,True,0
1695,False,0
1696,False,1
1697,True,0
1698,False,0
1699,True,0
1700,True,0
1701,True,0
1702,False,0
1703,True,1
1704,True,0
1705,False,0
1706,True,0
1707,False,1
1708,False,0
1709,True,0
1710,True,0
1711,True,0
1712,False,0
1713,False,1
1714,True,0
1715,False,0
1716,False,1
1717,False,1
1718,False,1
1719,False,0
1720,False,1
1721,False,1
1722,False,0
1723,True,0
1724,False,0
1725,False,0
1726,True,1
1727,False,0
1728,True,0
1729,False,1
1730,False,1
1731,True,0
1732,True,0
1733,False,1
1734,True,0
1735,True,0
1736,False,0
1737,False,1
1738,True,0
1739,False,0
1740,True,0
1741,False,1
1742,False,1
1743,True,0
1744,False,0
1745,False,0
1746,False,1
1747,False,0
1748,True,0
1749,False,0
1750,False,0
1751,True,0
1752,False,1
1753,False,0
1754,True,0
1755,True,0
1756,False,0
1757,True,1
1758,False,1
1759,True,0
1760,True,0
1761,False,0
1762,False,1
1763,False,0
1764,False,0
1765,False,0
1766,True,0
1767,False,1
1768,False,0
1769,False,0
1770,True,0
1771,True,0
1772,False,0
1773,True,0
1774,False,1
1775,False,1
1776,True,0
1777,False,0
1778,True,0
1779,False,1
1780,True,1
1781,False,0
1782,False,0
1783,False,1
1784,True,0
1785,False,0
1786,False,0
1787,False,1
1788,False,1
1789,False,1
1790,False,1
1791,False,0
1792,True,1
1793,True,0
1794,True,0
1795,False,0
1796,False,0
1797,False,1
1798,False,1
1799,True,0
1800,False,0
1801,True,0
1802,True,1
1803,True,1
1804,True,1
1805,False,0
1806,False,1
1807,True,0
1808,True,1
1809,False,0
1810,False,1
1811,False,1
1812,True,1
1813,False,0
1814,True,1
1815,True,0
1816,True,0
1817,True,1
1818,True,1
1819,False,0
1820,True,0
1821,False,1
1822,True,0
1823,False,0
1824,True,0
1825,True,1
1826,True,0
1827,True,1
1828,True,1
1829,True,1
1830,True,1
1831,False,1
1832,False,1
1833,False,1
1834,False,1
1835,True,1
1836,True,1
1837,False,0
1838,True,1
1839,False,1
1840,False,1
1841,False,0
1842,False,0
1843,False,0
1844,True,0
1845,True,1
1846,False,1
1847,False,0
1848,True,0
1849,False,1
1850,True,0
1851,True,1
1852,True,0
1853,True,1
1854,False,0
1855,False,1
1856,True,0
1857,True,1
1858,False,0
1859,True,0
1860,False,0
1861,True,0
1862,False,0
1863,False,0
1864,True,0
1865,True,1
1866,False,1
1867,False,1
1868,False,1
1869,False,1
1870,True,1
1871,False,0
1872,False,0
1873,True,0
1874,True,0
1875,True,0
1876,True,1
1877,True,0
1878,True,0
1879,False,0
1880,False,0
1881,False,0
1882,False,1
1883,False,0
1884,True,1
1885,False,1
1886,False,0
1887,True,1
1888,True,0
1889,True,0
1890,False,1
1891,True,1
1892,False,1
1893,True,0
1894,False,1
1895,True,1
1896,False,1
1897,True,1
1898,True,1
1899,False,1
1900,True,1
1901,False,1
1902,True,1
1903,True,1
1904,False,1
1905,False,0
1906,True,1
1907,True,0
1908,True,1
1909,False,0
1910,True,0
1911,False,1
1912,False,0
1913,False,1
1914,False,1
1915,False,0
1916,True,1
1917,True,0
1918,True,1
1919,True,0
1920,False,0
1921,False,1
1922,False,0
1923,False,1
1924,True,0
1925,True,0
1926,True,1
1927,False,0
1928,False,0
1929,True,1
1930,True,0
1931,True,0
1932,False,1
1933,True,0
1934,True,0
1935,False,1
1936,True,1
1937,False,1
1938,True,1
1939,False,0
1940,True,1
1941,False,0
1942,True,0
1943,False,1
1944,False,0
1945,True,0
1946,True,0
1947,False,1
1948,False,1
1949,False,0
1950,True,0
1951,False,0
1952,True,1
1953,False,0
1954,True,1
1955,True,0
1956,False,0
1957,True,0
1958,True,1
1959,True,0
1960,False,0
1961,False,1
1962,False,1
1963,False,0
1964,True,1
1965,True,0
1966,False,0
1967,False,0
1968,False,0
1969,True,0
1970,True,0
1971,False,1
1972,True,0
1973,True,1
1974,True,0
1975,True,1
1976,False,1
1977,False,1
1978,True,1
1979,False,0
1980,False,0
1981,False,0
1982,False,1
1983,True,1
1984,True,0
1985,True,0
1986,False,1
1987,True,1
1988,False,0
1989,False,0
1990,True,0
1991,False,1
1992,False,1
1993,True,1
1994,True,1
1995,True,0
1996,False,0
1997,True,1
1998,True,0
1999,False,0
2000,True,1
2001,False,1
2002,True,0
2003,False,1
2004,True,0
2005,True,1
2006,True,1
2007,False,0
2008,False,0
2009,False,0
2010,False,0
2011,False,0
2012,True,0
2013,False,1
2014,False,1
2015,False,0
2016,True,0
2017,False,1
2018,True,0
2019,True,1
2020,False,0
2021,True,0
2022,True,1
2023,False,0
2024,True,1
2025,True,1
2026,True,0
2027,True,1
2028,False,1
2029,True,1
2030,False,0
2031,True,0
2032,False,0
2033,True,0
2034,True,0
2035,False,1
2036,False,1
2037,False,1
2038,True,0
2039,True,0
2040,True,1
2041,True,1
2042,False,0
2043,False,1
2044,True,0
2045,True,1
2046,False,1
2047,False,1
2048,True,1
2049,True,1
2050,True,1
2051,False,1
2052,False,0
2053,True,1
2054,True,1
2055,False,0
2056,False,1
2057,False,0
2058,False,1
2059,True,1
2060,True,0
2061,True,0
2062,False,1
2063,False,0
2064,False,0
2065,False,0
2066,False,1
2067,False,1
2068,False,1
2069,True,0
2070,False,1
2071,False,0
2072,True,0
2073,True,0
2074,True,0
2075,False,1
2076,True,1
2077,True,1
2078,True,0
2079,False,0
2080,False,0
2081,True,0
2082,False,1
2083,False,1
2084,False,1
2085,True,1
2086,True,0
2087,False,1
2088,True,0
2089,True,0
2090,True,1
2091,False,0
2092,True,0
2093,False,0
2094,True,1
2095,True,1
2096,False,1
2097,False,1
2098,True,0
2099,False,0
2100,True,1
2101,True,0
2102,False,0
2103,False,1
2104,False,0
2105,True,1
2106,True,0
2107,False,1
2108,False,1
2109,True,0
2110,False,1
2111,False,0
2112,True,0
2113,False,0
2114,True,1
2115,False,0
2116,True,0
2117,False,1
2118,False,0
2119,False,0
2120,True,1
2121,True,1
2122,False,1
2123,True,0
2124,True,0
2125,False,1
2126,False,0
2127,True,1
2128,False,1
2129,False,0
2130,False,0
2131,True,1
2132,True,1
2133,False,0
2134,False,1
2135,False,1
2136,True,1
2137,True,1
2138,False,1
2139,True,0
2140,False,1
2141,True,1
2142,False,0
2143,True,1
2144,False,1
2145,False,0
2146,False,1
2147,True,0
2148,False,0
2149,True,0
2150,False,0
2151,True,0
2152,True,0
2153,True,1
2154,True,0
2155,False,0
2156,True,1
2157,False,1
2158,False,0
2159,True,0
2160,False,0
2161,True,1
2162,True,0
2163,True,1
2164,False,1
2165,True,0
2166,True,1
2167,True,0
2168,False,0
2169,False,1
2170,True,0
2171,True,0
2172,True,1
2173,False,0
2174,False,1
2175,True,1
2176,True,1
2177,True,1
2178,False,1
2179,False,1
2180,False,0
2181,False,1
2182,True,0
2183,True,1
2184,True,0
2185,True,0
2186,False,1
2187,False,1
2188,True,0
2189,False,1
2190,True,1
2191,False,0
2192,False,0
2193,True,0
2194,False,0
2195,False,1
2196,False,1
2197,True,0
2198,True,1
2199,True,1
2200,True,1
2201,True,0
2202,True,1
2203,True,0
2204,False,0
2205,True,0
2206,True,0
2207,True,1
2208,True,0
2209,False,0
2210,False,1
2211,False,1
2212,True,0
2213,True,0
2214,False,1
2215,True,0
2216,True,0
2217,True,1
2218,False,0
2219,False,0
2220,True,0
2221,False,0
2222,True,0
2223,False,0
2224,True,1
2225,False,0
2226,True,0
2227,False,0
2228,True,1
2229,True,1
2230,False,0
2231,False,1
2232,True,1
2233,True,0
2234,False,1
2235,True,0
2236,False,0
2237,False,0
2238,False,0
2239,False,0
2240,True,0
2241,True,1
2242,True,1
2243,False,1
2244,True,0
2245,False,1
2246,False,1
2247,True,0
2248,True,1
2249,True,1
2250,False,0
2251,True,1
2252,True,1
2253,False,0
2254,False,1
2255,True,1
2256,False,0
2257,False,1
2258,False,1
2259,False,1
2260,True,1
2261,True,1
2262,False,0
2263,False,1
2264,False,1
2265,False,0
2266,False,1
2267,False,1
2268,True,0
2269,False,0
2270,False,0
2271,False,1
2272,False,1
2273,False,0
2274,True,1
2275,True,1
2276,True,1
2277,True,0
2278,True,1
2279,True,1
2280,True,1
2281,True,1
2282,False,0
2283,True,1
2284,False,0
2285,False,1
2286,True,0
2287,True,0
2288,True,0
2289,False,1
2290,False,1
2291,False,0
2292,True,0
2293,True,0
2294,False,0
2295,False,0
2296,True,0
2297,False,1
2298,False,0
2299,True,0
2300,True,0
2301,True,1
2302,False,1
2303,True,1
2304,False,1
2305,False,0
2306,False,1
2307,True,1
2308,False,1
2309,True,0
2310,True,0
2311,False,0
2312,True,0
2313,False,0
2314,True,0
2315,False,0
2316,False,0
2317,True,0
2318,False,1
2319,False,1
2320,False,0
2321,False,1
2322,False,1
2323,True,1
2324,True,0
2325,False,0
2326,False,0
2327,False,0
2328,False,1
2329,False,0
2330,True,0
2331,False,0
2332,True,1
2333,True,0
2334,True,0
2335,True,1
2336,True,0
2337,True,1
2338,True,1
2339,False,0
2340,True,0
2341,False,1
2342,False,0
2343,False,1
2344,False,1
2345,False,0
2346,True,1
2347,False,0
2348,True,1
2349,True,0
2350,False,0
2351,True,1
2352,False,1
2353,False,1
2354,True,0
2355,False,1
2356,False,0
2357,False,1
2358,True,1
2359,False,0
2360,True,1
2361,True,1
2362,True,0
2363,False,1
2364,True,1
2365,True,1
2366,False,1
2367,True,0
2368,False,1
2369,False,1
2370,True,0
2371,True,0
2372,False,1
2373,False,0
2374,True,1
2375,False,1
2376,False,0
2377,True,0
2378,True,1
2379,False,1
2380,False,0
2381,False,0
2382,True,1
2383,False,0
2384,True,1
2385,False,0
2386,True,0
2387,True,0
2388,True,0
2389,False,0
2390,True,0
2391,False,1
2392,True,0
2393,False,1
2394,False,1
2395,True,0
2396,True,1
2397,True,1
2398,False,1
2399,False,0
2400,False,1
2401,False,0
2402,False,0
2403,True,0
2404,False,1
2405,True,0
2406,True,0
2407,False,0
2408,True,0
2409,True,1
2410,False,1
2411,True,1
2412,False,1
2413,True,1
2414,False,0
2415,False,0
2416,False,0
2417,False,1
2418,False,0
2419,False,0
2420,True,1
2421,False,1
2422,True,1
2423,False,1
2424,True,0
2425,True,1
2426,True,0
2427,True,1
2428,True,0
2429,False,0
2430,True,0
2431,False,1
2432,True,1
2433,True,1
2434,False,1
2435,True,1
2436,True,0
2437,False,0
2438,True,0
2439,False,0
2440,False,0
2441,False,0
2442,True,0
2443,True,1
2444,True,0
2445,True,1
2446,False,1
2447,True,1
2448,False,0
2449,True,1
2450,False,0
2451,False,1
2452,False,0
2453,False,1
2454,True,0
2455,False,1
2456,True,1
2457,True,1
2458,True,1
2459,False,1
2460,True,0
2461,True,0
2462,False,0
2463,True,0
2464,False,1
2465,True,1
2466,False,1
2467,True,0
2468,False,1
2469,False,1
2470,True,0
2471,True,1
2472,False,0
2473,False,1
2474,True,1
2475,True,0
2476,False,0
2477,False,0
2478,True,0
2479,True,0
2480,True,1
2481,False,0
2482,False,0
2483,True,0
2484,False,0
2485,False,0
2486,True,0
2487,False,0
2488,False,0
2489,False,0
2490,False,0
2491,True,0
2492,False,0
2493,False,0
2494,True,0
2495,False,0
2496,False,0
2497,False,0
2498,False,0
2499,True,0
2500,False,0
2501,False,0
2502,True,0
2503,True,0
2504,True,0
2505,True,0
2506,True,0
2507,True,0
2508,True,0
2509,True,0
2510,True,0
2511,False,0
2512,True,0
2513,True,0
2514,False,0
2515,False,0
2516,False,0
2517,True,0
2518,False,1
2519,True,0
2520,True,0
2521,False,0
2522,True,0
2523,False,0
2524,False,0
2525,True,0
2526,True,0
2527,True,0
2528,True,0
2529,True,0
2530,True,0
2531,True,1
2532,False,0
2533,False,0
2534,True,0
2535,False,1
2536,False,0
2537,True,0
2538,False,0
2539,True,0
2540,False,0
2541,False,1
2542,True,0
2543,True,1
2544,True,0
2545,True,1
2546,True,0
2547,False,1
2548,True,0
2549,True,0
2550,True,1
2551,False,0
2552,False,0
2553,True,0
2554,True,1
2555,False,0
2556,True,0
2557,False,0
2558,False,0
2559,False,0
2560,False,0
2561,True,0
2562,True,0
2563,True,1
2564,False,0
2565,True,0
2566,False,0
2567,True,0
2568,False,0
2569,True,0
2570,True,0
2571,False,1
2572,False,0
2573,False,0
2574,False,0
2575,True,0
2576,False,0
2577,True,0
2578,False,0
2579,False,0
2580,True,0
2581,False,0
2582,False,0
2583,True,1
2584,False,0
2585,True,0
2586,True,0
2587,False,0
2588,True,0
2589,True,0
2590,False,0
2591,True,0
2592,True,0
2593,True,0
2594,False,0
2595,True,0
2596,False,0
2597,True,0
2598,False,0
2599,False,0
2600,True,0
2601,True,0
2602,True,0
2603,False,0
2604,True,0
2605,True,0
2606,True,0
2607,False,0
2608,False,0
2609,False,0
2610,False,0
2611,False,0
2612,False,0
2613,False,0
2614,True,0
2615,True,0
2616,False,1
2617,False,0
2618,True,1
2619,False,0
2620,False,0
2621,True,0
2622,False,0
2623,True,0
2624,False,0
2625,False,0
2626,True,0
2627,True,1
2628,True,0
2629,False,0
2630,True,1
2631,True,0
2632,False,0
2633,True,1
2634,False,0
2635,True,0
2636,True,0
2637,True,0
2638,True,0
2639,True,0
2640,False,0
2641,False,0
2642,False,0
2643,True,0
2644,False,0
2645,True,1
2646,True,0
2647,True,1
2648,False,1
2649,False,0
2650,False,0
2651,True,1
2652,False,0
2653,False,0
2654,True,0
2655,True,1
2656,True,1
2657,True,0
2658,True,0
2659,False,0
2660,True,0
2661,False,1
2662,True,1
2663,False,0
2664,True,0
2665,True,0
2666,False,1
2667,True,1
2668,False,1
2669,False,1
2670,True,1
2671,True,1
2672,True,1
2673,True,1
2674,False,1
2675,True,1
2676,False,1
2677,False,1
2678,True,0
2679,True,0
2680,False,1
2681,True,1
2682,False,0
2683,False,1
2684,True,0
2685,True,0
2686,True,0
2687,False,1
2688,True,1
2689,True,0
2690,True,0
2691,False,0
2692,True,1
2693,False,0
2694,True,0
2695,True,0
2696,False,1
2697,True,0
2698,False,1
2699,True,1
2700,True,0
2701,False,0
2702,False,1
2703,False,0
2704,False,1
2705,True,1
2706,True,1
2707,False,1
2708,True,0
2709,False,0
2710,False,1
2711,True,0
2712,True,0
2713,True,0
2714,False,0
2715,False,1
2716,False,1
2717,True,1
2718,False,0
2719,True,1
2720,False,1
2721,False,0
2722,False,0
2723,True,1
2724,True,1
2725,False,1
2726,False,0
2727,True,1
2728,False,0
2729,False,0
2730,False,0
2731,False,1
2732,False,1
2733,False,0
2734,False,1
2735,True,1
2736,False,1
2737,True,0
2738,False,0
2739,True,0
2740,True,1
2741,False,0
2742,False,0
2743,True,1
2744,False,0
2745,False,0
2746,False,0
2747,True,0
2748,True,1
2749,False,1
2750,False,1
2751,False,0
2752,False,0
2753,True,0
2754,False,0
2755,True,1
2756,False,1
2757,True,1
2758,True,0
2759,False,1
2760,False,0
2761,True,0
2762,False,0
2763,False,1
2764,True,1
2765,True,0
2766,False,0
2767,True,0
2768,True,0
2769,True,0
2770,False,0
2771,True,1
2772,False,1
2773,True,0
2774,True,0
2775,False,1
2776,True,1
2777,False,1
2778,False,0
2779,True,1
2780,False,1
2781,True,1
2782,True,0
2783,True,0
2784,True,1
2785,False,0
2786,True,1
2787,True,0
2788,False,1
2789,False,1
2790,True,1
2791,False,1
2792,False,0
2793,False,0
2794,True,0
2795,False,1
2796,False,0
2797,False,1
2798,False,1
2799,False,0
2800,True,0
2801,True,0
2802,True,1
2803,True,1
2804,True,1
2805,False,0
2806,True,0
2807,False,1
2808,True,1
2809,True,0
2810,True,1
2811,True,1
2812,False,1
2813,False,0
2814,True,1
2815,True,1
2816,False,0
2817,False,0
2818,True,0
2819,False,1
2820,False,0
2821,False,1
2822,False,1
2823,False,1
2824,True,0
2825,False,1
2826,False,1
2827,False,0
2828,True,1
2829,False,1
2830,True,0
2831,True,0
2832,True,0
2833,False,0
2834,False,0
2835,True,1
2836,True,1
2837,True,0
2838,True,1
2839,True,0
2840,False,1
2841,True,1
2842,False,0
2843,True,1
2844,False,0
2845,False,0
2846,False,0
2847,False,0
2848,True,0
2849,False,0
2850,True,0
2851,True,0
2852,False,0
2853,False,0
2854,False,0
2855,True,0
2856,True,0
2857,True,0
2858,True,0
2859,False,0
2860,False,0
2861,False,0
2862,True,0
2863,False,0
2864,True,0
2865,True,0
2866,False,0
2867,False,0
2868,False,0
2869,False,0
2870,False,1
2871,False,0
2872,True,0
2873,False,1
2874,False,0
2875,True,0
2876,False,1
2877,True,0
2878,True,0
2879,True,0
2880,True,0
2881,True,0
2882,False,1
2883,True,0
2884,True,0
2885,False,0
2886,True,0
2887,True,0
2888,False,0
2889,True,0
2890,True,0
2891,False,0
2892,False,0
2893,False,0
2894,False,0
2895,False,0
2896,True,0
2897,True,0
2898,False,0
2899,False,1
2900,True,0
2901,False,1
2902,True,1
2903,False,0
2904,True,0
2905,True,0
2906,True,1
2907,True,0
2908,False,1
2909,False,0
2910,True,1
2911,False,0
2912,False,0
2913,False,0
2914,True,0
2915,True,1
2916,True,1
2917,False,1
2918,False,1
2919,False,1
2920,False,1
2921,False,1
2922,False,1
2923,False,0
2924,False,1
2925,True,0
2926,True,1
2927,True,0
2928,False,0
2929,False,1
2930,False,0
2931,False,1
2932,True,0
2933,False,1
2934,False,1
2935,True,1
2936,False,0
2937,False,1
2938,True,0
2939,True,0
2940,False,0
2941,True,1
2942,False,1
2943,False,1
2944,False,0
2945,False,1
2946,True,1
2947,True,0
2948,True,0
2949,False,0
2950,True,1
2951,True,1
2952,True,1
2953,True,1
2954,False,0
2955,False,0
2956,False,0
2957,True,1
2958,False,0
2959,True,1
2960,True,0
2961,True,0
2962,False,0
2963,True,0
2964,True,1
2965,True,1
2966,False,0
2967,True,1
2968,True,1
2969,True,0
2970,True,0
2971,True,0
2972,True,1
2973,False,1
2974,False,1
2975,True,0
2976,True,0
2977,False,0
2978,True,0
2979,False,0
2980,True,1
2981,True,0
2982,True,0
2983,False,1
2984,True,0
2985,False,0
2986,True,0
2987,False,0
2988,False,1
2989,False,0
2990,False,1
2991,False,0
2992,False,1
2993,False,1
2994,True,1
2995,True,1
2996,True,1
2997,True,1
2998,False,1
2999,True,0
3000,True,1
3001,True,1
3002,True,0
3003,False,0
3004,True,0
3005,False,1
3006,True,1
3007,True,0
3008,True,1
3009,False,0
3010,False,1
3011,True,0
3012,False,0
3013,False,0
3014,False,0
3015,False,1
3016,True,0
3017,False,0
3018,True,0
3019,True,1
3020,False,1
3021,False,0
3022,True,1
3023,True,0
3024,True,0
3025,False,1
3026,True,1
3027,False,1
3028,False,0
3029,True,1
3030,False,1
3031,False,1
3032,True,0
3033,True,1
3034,False,0
3035,False,1
3036,False,0
3037,True,0
3038,False,1
3039,True,0
3040,True,0
3041,False,1
3042,False,0
3043,False,1
3044,True,0
3045,True,1
3046,False,0
3047,False,0
3048,True,0
3049,True,1
3050,True,0
3051,False,1
3052,False,1
3053,False,1
3054,False,0
3055,True,1
3056,True,1
3057,False,1
3058,True,1
3059,False,0
3060,True,1
3061,False,0
3062,False,1
3063,False,0
3064,True,0
3065,True,1
3066,False,0
3067,True,0
3068,True,0
3069,False,1
3070,False,1
3071,True,0
3072,False,0
3073,False,0
3074,True,0
3075,True,0
3076,False,1
3077,True,1
3078,False,1
3079,True,1
3080,False,0
3081,True,0
3082,True,1
3083,True,1
3084,False,1
3085,True,1
3086,True,1
3087,False,1
3088,True,0
3089,True,1
3090,False,0
3091,False,0
3092,False,1
3093,True,0
3094,True,1
3095,True,1
3096,False,0
3097,False,0
3098,True,0
3099,True,0
3100,False,0
3101,True,0
3102,True,0
3103,True,0
3104,False,0
3105,True,0
3106,True,0
3107,True,0
3108,False,0
3109,False,0
3110,True,0
3111,True,0
3112,True,0
3113,True,0
3114,True,0
3115,True,0
3116,True,0
3117,True,0
3118,True,0
3119,False,0
3120,True,0
3121,True,0
3122,True,0
3123,True,0
3124,True,0
3125,True,0
3126,True,0
3127,True,0
3128,True,0
3129,False,1
3130,False,0
3131,True,0
3132,False,1
3133,False,1
3134,True,0
3135,False,1
3136,True,0
3137,False,1
3138,True,0
3139,False,1
3140,False,1
3141,True,0
3142,True,0
3143,True,1
3144,False,0
3145,False,0
3146,True,0
3147,True,1
3148,False,1
3149,False,0
3150,True,0
3151,False,1
3152,False,1
3153,False,0
3154,True,0
3155,False,1
3156,False,1
3157,True,0
3158,True,1
3159,True,1
3160,True,0
3161,True,0
3162,True,1
3163,True,0
3164,False,0
3165,True,1
3166,True,0
3167,True,0
3168,True,1
3169,True,1
3170,True,1
3171,True,1
3172,True,0
3173,False,1
3174,True,0
3175,False,1
3176,False,0
3177,True,1
3178,True,1
3179,True,1
3180,True,1
3181,False,1
3182,False,0
3183,True,1
3184,True,0
3185,True,1
3186,False,1
3187,False,0
3188,True,0
3189,True,0
3190,False,1
3191,True,1
3192,False,1
3193,True,0
3194,False,0
3195,False,0
3196,False,0
3197,False,1
3198,False,1
3199,False,0
3200,False,1
3201,False,0
3202,False,0
3203,False,0
3204,False,0
3205,False,0
3206,True,1
3207,False,1
3208,True,1
3209,False,0
3210,False,0
3211,True,1
3212,True,1
3213,False,1
3214,True,0
3215,False,0
3216,True,0
3217,True,1
3218,False,0
3219,True,0
3220,False,0
3221,False,0
3222,False,0
3223,False,1
3224,True,1
3225,True,1
3226,True,1
3227,False,1
3228,True,0
3229,False,0
3230,True,0
3231,False,1
3232,False,0
3233,True,1
3234,True,0
3235,True,0
3236,True,0
3237,False,0
3238,False,0
3239,False,0
3240,False,0
3241,True,0
3242,False,1
3243,True,0
3244,False,0
3245,False,0
3246,False,0
3247,False,0
3248,True,1
3249,True,0
3250,False,1
3251,False,1
3252,False,0
3253,False,1
3254,True,0
3255,False,0
3256,False,0
3257,False,1
3258,True,0
3259,True,0
3260,False,0
3261,False,1
3262,True,0
3263,False,0
3264,False,1
3265,False,0
3266,True,0
3267,True,1
3268,False,1
3269,True,1
3270,False,0
3271,False,0
3272,True,0
3273,False,1
3274,True,0
3275,True,0
3276,False,1
3277,False,0
3278,True,1
3279,False,1
3280,False,1
3281,True,0
3282,True,0
3283,True,0
3284,True,0
3285,False,1
3286,True,0
3287,False,1
3288,False,0
3289,False,1
3290,False,0
3291,True,0
3292,False,0
3293,True,0
3294,True,0
3295,False,1
3296,False,1
3297,True,1
3298,True,0
3299,False,0
3300,False,0
3301,False,1
3302,False,0
3303,False,0
3304,False,0
3305,True,1
3306,True,0
3307,False,1
3308,False,1
3309,False,1
3310,False,1
3311,False,0
3312,False,0
3313,False,1
3314,True,0
3315,False,0
3316,True,0
3317,False,0
3318,False,1
3319,True,0
3320,True,0
3321,False,0
3322,True,0
3323,True,0
3324,True,0
3325,True,0
3326,True,0
3327,False,0
3328,False,1
3329,True,0
3330,False,1
3331,True,0
3332,False,0
3333,True,0
3334,False,1
3335,True,1
3336,True,0
3337,False,0
3338,True,0
3339,False,0
3340,True,0
3341,True,1
3342,False,0
3343,True,0
3344,True,0
3345,False,0
3346,False,1
3347,False,1
3348,True,0
3349,False,0
3350,False,0
3351,False,0
3352,False,0
3353,False,0
3354,False,0
3355,True,0
3356,False,1
3357,False,1
3358,True,0
3359,False,0
3360,False,0
3361,False,0
3362,False,0
3363,False,1
3364,True,0
3365,False,1
3366,False,0
3367,False,0
3368,True,0
3369,True,0
3370,False,1
3371,True,0
3372,True,1
3373,False,1
3374,False,0
3375,False,0
3376,True,1
3377,False,1
3378,True,1
3379,True,0
3380,True,1
3381,True,0
3382,False,0
3383,False,0
3384,False,0
3385,False,1
3386,True,0
3387,False,0
3388,False,0
3389,False,0
3390,False,1
3391,False,1
3392,False,1
3393,True,1
3394,True,0
3395,False,0
3396,True,0
3397,False,1
3398,False,1
3399,True,1
3400,True,1
3401,True,0
3402,False,0
3403,True,1
3404,False,1
3405,True,1
3406,False,0
3407,False,0
3408,False,1
3409,False,0
3410,True,0
3411,False,0
3412,True,1
3413,True,1
3414,True,0
3415,True,1
3416,True,1
3417,True,1
3418,False,1
3419,True,0
3420,False,0
3421,False,1
3422,True,0
3423,False,0
3424,True,1
3425,True,0
3426,True,1
3427,True,1
3428,False,0
3429,False,0
3430,True,0
3431,True,0
3432,False,1
3433,False,1
3434,True,1
3435,False,0
3436,False,0
3437,True,0
3438,False,0
3439,True,1
3440,False,0
3441,True,1
3442,True,0
3443,False,0
3444,True,0
3445,False,1
3446,True,0
3447,True,0
3448,True,1
3449,True,1
3450,True,0
3451,True,1
3452,True,0
3453,True,0
3454,False,1
3455,False,1
3456,True,1
3457,True,1
3458,True,0
3459,True,0
3460,False,0
3461,False,0
3462,True,0
3463,True,0
3464,True,1
3465,False,1
3466,True,0
3467,True,1
3468,True,0
3469,False,0
3470,True,0
3471,True,0
3472,False,0
3473,True,1
3474,False,0
3475,True,0
3476,False,0
3477,False,1
3478,False,0
3479,False,1
3480,True,0
3481,True,0
3482,True,0
3483,True,1
3484,True,1
3485,False,1
3486,True,0
3487,True,1
3488,True,1
3489,False,1
3490,False,0
3491,True,1
3492,True,0
3493,False,0
3494,True,0
3495,False,1
3496,True,0
3497,True,0
3498,False,1
3499,False,0
3500,False,0
3501,False,1
3502,True,0
3503,True,0
3504,True,0
3505,False,1
3506,True,0
3507,False,1
3508,True,0
3509,True,1
3510,True,1
3511,False,0
3512,True,1
3513,False,1
3514,True,0
3515,True,0
3516,False,1
3517,False,0
3518,False,1
3519,False,1
3520,False,0
3521,False,0
3522,False,1
3523,False,1
3524,False,1
3525,False,1
3526,False,1
3527,False,0
3528,False,0
3529,False,0
3530,True,1
3531,False,0
3532,False,0
3533,False,0
3534,False,1
3535,False,1
3536,False,0
3537,True,0
3538,True,1
3539,True,0
3540,True,1
3541,True,1
3542,True,1
3543,True,0
3544,False,0
3545,True,1
3546,True,1
3547,False,1
3548,True,1
3549,True,0
3550,True,1
3551,True,1
3552,True,1
3553,False,0
3554,False,0
3555,True,1
3556,True,1
3557,False,1
3558,False,1
3559,False,0
3560,False,1
3561,True,1
3562,True,0
3563,False,0
3564,True,1
3565,True,0
3566,True,1
3567,False,1
3568,True,1
3569,True,1
3570,True,0
3571,True,0
3572,False,1
3573,False,1
3574,False,0
3575,False,0
3576,True,1
3577,True,0
3578,True,0
3579,True,0
3580,True,0
3581,False,1
3582,False,1
3583,True,1
3584,True,0
3585,False,1
3586,True,1
3587,False,1
3588,False,0
3589,False,0
3590,False,0
3591,True,1
3592,True,0
3593,False,0
3594,False,1
3595,False,0
3596,True,0
3597,False,0
3598,False,0
3599,True,1
3600,False,0
3601,True,0
3602,True,0
3603,True,0
3604,True,0
3605,False,1
3606,True,1
3607,True,1
3608,False,1
3609,True,0
3610,True,1
3611,True,1
3612,True,0
3613,False,1
3614,False,1
3615,True,0
3616,True,0
3617,False,1
3618,False,1
3619,False,0
3620,True,1
3621,True,1
3622,False,0
3623,False,0
3624,True,1
3625,False,1
3626,False,0
3627,True,1
3628,False,0
3629,True,1
3630,True,1
3631,False,1
3632,True,1
3633,True,0
3634,False,1
3635,False,1
3636,False,0
3637,False,1
3638,True,1
3639,True,0
3640,True,0
3641,False,0
3642,False,0
3643,False,0
3644,True,0
3645,False,0
3646,False,1
3647,False,1
3648,True,1
3649,False,0
3650,False,0
3651,False,0
3652,False,1
3653,False,0
3654,False,1
3655,True,0
3656,True,1
3657,False,1
3658,True,0
3659,False,0
3660,True,1
3661,True,1
3662,False,1
3663,True,0
3664,True,0
3665,False,0
3666,False,1
3667,False,1
3668,True,0
3669,True,1
3670,True,0
3671,True,0
3672,False,0
3673,True,0
3674,True,0
3675,True,1
3676,False,1
3677,False,0
3678,True,1
3679,False,1
3680,True,0
3681,False,0
3682,True,0
3683,False,1
3684,False,0
3685,True,1
3686,True,0
3687,False,0
3688,False,0
3689,True,0
3690,False,1
3691,False,1
3692,True,0
3693,False,0
3694,False,1
3695,True,1
3696,True,1
3697,True,1
3698,False,1
3699,False,0
3700,False,0
3701,True,0
3702,True,1
3703,True,0
3704,False,1
3705,False,1
3706,False,0
3707,False,1
3708,True,0
3709,False,1
3710,False,1
3711,False,0
3712,False,1
3713,False,1
3714,True,1
3715,False,0
3716,True,0
3717,True,1
3718,True,0
3719,True,1
3720,False,1
3721,True,0
3722,True,0
3723,True,1
3724,True,1
3725,False,0
3726,False,0
3727,False,1
3728,True,1
3729,True,1
3730,False,0
3731,True,0
3732,True,1
3733,False,0
3734,True,0
3735,False,0
3736,False,0
3737,True,1
3738,True,0
3739,True,0
3740,True,0
3741,True,0
3742,True,1
3743,False,1
3744,False,0
3745,True,1
3746,False,1
3747,False,1
3748,True,1
3749,True,1
3750,True,1
3751,True,1
3752,False,1
3753,False,0
3754,False,1
3755,False,1
3756,True,0
3757,False,0
3758,True,1
3759,False,0
3760,False,1
3761,False,0
3762,True,1
3763,False,0
3764,True,0
3765,True,1
3766,False,0
3767,False,0
3768,True,1
3769,True,1
3770,False,1
3771,True,0
3772,False,0
3773,True,1
3774,True,0
3775,True,0
3776,True,0
3777,False,0
3778,False,1
3779,True,1
3780,True,0
3781,False,0
3782,True,0
3783,False,1
3784,True,1
3785,True,1
3786,False,0
3787,False,0
3788,True,0
3789,False,0
3790,False,1
3791,False,1
3792,False,0
3793,False,1
3794,False,0
3795,True,0
3796,True,0
3797,True,0
3798,True,1
3799,False,0
3800,False,1
3801,False,1
3802,True,0
3803,False,1
3804,False,1
3805,True,1
3806,True,0
3807,False,1
3808,True,0
3809,True,0
3810,True,1
3811,False,1
3812,True,1
3813,True,0
3814,True,1
3815,False,1
3816,False,0
3817,False,1
3818,True,1
3819,True,0
3820,True,1
3821,False,0
3822,True,1
3823,False,1
3824,True,1
3825,False,0
3826,False,1
3827,True,1
3828,True,0
3829,False,0
3830,False,1
3831,True,0
3832,False,0
3833,True,0
3834,False,1
3835,False,0
3836,False,1
3837,False,1
3838,True,0
3839,True,1
3840,True,0
3841,False,0
3842,True,1
3843,False,0
3844,True,0
3845,False,1
3846,True,1
3847,False,0
3848,True,1
3849,True,1
3850,False,0
3851,True,0
3852,False,0
3853,False,1
3854,True,1
3855,True,1
3856,False,0
3857,False,0
3858,True,1
3859,False,0
3860,False,1
3861,True,0
3862,False,1
3863,False,1
3864,False,0
3865,True,0
3866,True,0
3867,False,0
3868,False,0
3869,False,0
3870,True,0
3871,False,0
3872,False,1
3873,True,0
3874,True,0
3875,False,0
3876,True,0
3877,True,0
3878,False,0
3879,True,0
3880,True,0
3881,False,0
3882,True,0
3883,True,0
3884,False,0
3885,False,0
3886,True,0
3887,True,0
3888,True,0
3889,True,0
3890,True,0
3891,True,0
3892,True,0
3893,False,0
3894,True,0
3895,True,0
3896,True,0
3897,True,0
3898,False,0
3899,False,0
3900,True,0
3901,False,0
3902,True,0
3903,False,0
3904,False,0
3905,False,0
3906,True,0
3907,False,0
3908,False,0
3909,False,0
3910,True,0
3911,False,0
3912,False,0
3913,True,1
3914,False,1
3915,False,0
3916,False,1
3917,True,1
3918,True,0
3919,False,0
3920,False,1
3921,False,0
3922,False,0
3923,False,0
3924,True,0
3925,False,1
3926,True,1
3927,False,0
3928,False,1
3929,False,0
3930,True,1
3931,True,0
3932,False,0
3933,False,0
3934,True,1
3935,False,0
3936,False,1
3937,True,0
3938,True,0
3939,False,1
3940,True,1
3941,True,0
3942,True,1
3943,True,1
3944,True,0
3945,False,0
3946,False,0
3947,False,0
3948,True,1
3949,False,0
3950,True,1
3951,True,1
3952,True,0
3953,True,1
3954,True,0
3955,True,0
3956,False,0
3957,False,0
3958,True,1
3959,False,0
3960,False,1
3961,True,0
3962,True,0
3963,True,0
3964,True,0
3965,True,0
3966,False,0
3967,True,0
3968,False,1
3969,True,0
3970,True,1
3971,False,0
3972,True,0
3973,True,0
3974,True,0
3975,True,0
3976,False,0
3977,True,1
3978,True,1
3979,False,1
3980,False,1
3981,False,0
3982,False,0
3983,True,0
3984,False,0
3985,True,0
3986,True,0
3987,True,1
3988,True,1
3989,False,0
3990,True,1
3991,True,0
3992,False,0
3993,False,1
3994,False,1
3995,True,1
3996,False,1
3997,False,1
3998,False,1
3999,True,0
4000,False,1
4001,False,1
4002,False,1
4003,True,0
4004,False,0
4005,False,1
4006,False,0
4007,True,1
4008,False,1
4009,True,0
4010,True,1
4011,True,0
4012,False,0
4013,True,0
4014,False,0
4015,False,1
4016,False,0
4017,False,0
4018,False,0
4019,False,0
4020,True,1
4021,False,0
4022,False,0
4023,True,1
4024,False,1
4025,True,0
4026,True,1
4027,False,1
4028,True,0
4029,False,0
4030,True,1
4031,False,1
4032,True,1
4033,True,0
4034,False,1
4035,True,0
4036,True,0
4037,True,1
4038,False,0
4039,True,1
4040,True,1
4041,False,0
4042,True,0
4043,True,0
4044,True,0
4045,True,1
4046,False,1
4047,True,0
4048,False,0
4049,True,1
4050,False,0
4051,False,0
4052,True,1
4053,True,0
4054,False,1
4055,True,0
4056,True,1
4057,True,0
4058,False,0
4059,True,1
4060,True,0
4061,True,1
4062,True,1
4063,False,0
4064,False,1
4065,True,1
4066,True,1
4067,False,1
4068,True,0
4069,True,0
4070,False,1
4071,False,0
4072,True,1
4073,False,0
4074,False,1
4075,True,0
4076,False,0
4077,True,1
4078,True,1
4079,False,1
4080,True,0
4081,False,0
4082,False,1
4083,True,0
4084,False,1
4085,True,0
4086,True,1
4087,False,1
4088,False,0
4089,False,0
4090,False,1
4091,False,0
4092,False,0
4093,True,0
4094,False,0
4095,True,0
4096,True,0
4097,False,1
4098,False,1
4099,False,1
4100,False,0
4101,False,0
4102,True,1
4103,False,1
4104,False,0
4105,False,0
4106,False,0
4107,False,1
4108,True,0
4109,False,0
4110,True,0
4111,False,1
4112,False,1
4113,False,1
4114,False,0
4115,False,1
4116,True,1
4117,False,1
4118,False,0
4119,False,0
4120,False,0
4121,True,1
4122,False,1
4123,False,0
4124,False,1
4125,True,0
4126,False,1
4127,True,0
4128,True,0
4129,False,0
4130,False,1
4131,False,0
4132,False,1
4133,True,1
4134,False,0
4135,False,1
4136,False,0
4137,True,0
4138,True,0
4139,True,0
4140,True,0
4141,True,0
4142,True,0
4143,True,0
4144,True,0
4145,True,0
4146,False,0
4147,True,0
4148,True,0
4149,True,0
4150,False,1
4151,True,1
4152,False,0
4153,True,1
4154,True,0
4155,True,0
4156,True,1
4157,False,1
4158,False,0
4159,False,1
4160,False,0
4161,True,0
4162,False,1
4163,True,0
4164,False,1
4165,False,1
4166,False,0
4167,False,1
4168,True,0
4169,False,0
4170,False,1
4171,True,0
4172,False,0
4173,True,0
4174,True,0
4175,False,0
4176,False,0
4177,False,0
4178,True,1
4179,True,0
4180,True,1
4181,False,0
4182,True,0
4183,False,0
4184,True,0
4185,False,0
4186,True,0
4187,True,0
4188,True,0
4189,False,0
4190,True,0
4191,False,1
4192,False,1
4193,True,0
4194,False,0
4195,False,0
4196,False,0
4197,False,0
4198,False,0
4199,True,0
4200,False,0
4201,True,0
4202,True,0
4203,False,0
4204,False,0
4205,False,1
4206,True,0
4207,False,0
4208,False,0
4209,False,0
4210,True,0
4211,False,1
4212,True,1
4213,True,0
4214,True,0
4215,True,0
4216,False,0
4217,True,0
4218,True,0
4219,False,0
4220,True,0
4221,False,0
4222,True,0
4223,False,0
4224,True,0
4225,False,0
4226,False,0
4227,True,0
4228,True,0
4229,False,0
4230,True,0
4231,True,0
4232,True,1
4233,True,1
4234,True,1
4235,True,1
4236,True,1
4237,False,1
4238,True,1
4239,True,0
4240,False,0
4241,False,0
4242,False,0
4243,True,0
4244,False,0
4245,True,1
4246,False,1
4247,False,0
4248,False,0
4249,True,1
4250,False,1
4251,False,0
4252,False,1
4253,False,1
4254,False,0
4255,False,1
4256,False,0
4257,True,0
4258,True,0
4259,False,0
4260,False,1
4261,True,0
4262,False,0
4263,False,0
4264,True,1
4265,True,1
4266,True,1
4267,False,1
4268,True,1
4269,False,0
4270,True,0
4271,False,1
4272,True,1
4273,False,1
4274,False,0
4275,True,0
4276,False,0
4277,True,0
4278,True,0
4279,True,1
4280,True,0
4281,True,0
4282,False,0
4283,True,0
4284,False,0
4285,False,0
4286,False,1
4287,False,1
4288,True,0
4289,False,0
4290,False,0
4291,False,1
4292,True,1
4293,False,0
4294,False,1
4295,False,1
4296,True,0
4297,False,1
4298,True,1
4299,False,1
4300,False,1
4301,True,1
4302,True,0
4303,True,0
4304,False,1
4305,False,1
4306,True,0
4307,False,1
4308,False,1
4309,True,0
4310,True,1
4311,True,1
4312,False,0
4313,True,0
4314,False,1
4315,False,0
4316,True,0
4317,True,1
4318,True,0
4319,True,1
4320,False,1
4321,True,0
4322,False,1
4323,True,1
4324,True,1
4325,False,0
4326,True,1
4327,True,1
4328,True,0
4329,False,0
4330,True,0
4331,True,0
4332,True,0
4333,False,0
4334,False,0
4335,False,0
4336,False,0
4337,True,0
4338,False,0
4339,False,0
4340,False,0
4341,False,0
4342,True,0
4343,True,0
4344,True,0
4345,True,0
4346,True,0
4347,True,0
4348,False,0
4349,True,0
4350,True,0
4351,False,0
4352,False,0
4353,False,0
4354,False,0
4355,True,0
4356,True,0
4357,False,0
4358,True,0
4359,False,0
4360,False,0
4361,False,0
4362,True,0
4363,True,0
4364,True,0
4365,True,0
4366,False,0
4367,False,0
4368,False,0
4369,True,0
4370,True,0
4371,True,0
4372,True,0
4373,False,0
4374,False,0
4375,False,0
4376,False,0
4377,True,0
4378,False,0
4379,True,0
4380,True,0
4381,True,1
4382,False,0
4383,True,0
4384,False,0
4385,True,0
4386,False,0
4387,False,0
4388,True,0
4389,False,1
4390,False,0
4391,True,0
4392,True,0
4393,False,1
4394,True,0
4395,False,0
4396,True,0
4397,False,0
4398,False,0
4399,True,0
4400,True,0
4401,False,0
4402,False,0
4403,False,0
4404,False,1
4405,True,0
4406,False,0
4407,False,0
4408,True,0
4409,False,1
4410,True,0
4411,True,0
4412,True,1
4413,False,1
4414,True,0
4415,False,0
4416,False,0
4417,True,0
4418,False,0
4419,True,0
4420,False,0
4421,False,0
4422,True,0
4423,False,0
4424,True,0
4425,False,0
4426,True,0
4427,True,0
4428,True,0
4429,True,0
4430,False,0
4431,False,1
4432,True,1
4433,True,1
4434,False,1
4435,False,1
4436,False,0
4437,False,0
4438,True,0
4439,False,0
4440,False,0
4441,False,0
4442,False,1
4443,True,0
4444,True,1
4445,False,0
4446,True,0
4447,True,0
4448,True,1
4449,False,0
4450,False,0
4451,True,0
4452,True,1
4453,False,1
4454,False,1
4455,True,1
4456,True,0
4457,True,1
4458,False,0
4459,True,0
4460,False,0
4461,False,1
4462,False,1
4463,True,0
4464,False,1
4465,True,1
4466,False,1
4467,True,0
4468,True,1
4469,True,1
4470,False,0
4471,False,1
4472,True,1
4473,False,1
4474,True,1
4475,True,0
4476,True,0
4477,True,0
4478,False,1
4479,True,1
4480,False,0
4481,True,1
4482,True,0
4483,True,1
4484,False,0
4485,False,0
4486,False,1
4487,False,0
4488,True,1
4489,True,0
4490,False,1
4491,True,1
4492,True,1
4493,True,0
4494,False,0
4495,True,1
4496,False,0
4497,False,0
4498,True,0
4499,False,0
4500,False,1
4501,True,0
4502,False,0
4503,False,0
4504,False,0
4505,True,1
4506,True,1
4507,False,1
4508,True,0
4509,True,0
4510,True,1
4511,True,0
4512,False,1
4513,True,1
4514,False,0
4515,False,1
4516,False,0
4517,True,0
4518,True,1
4519,False,1
4520,False,0
4521,True,1
4522,True,1
4523,False,0
4524,True,0
4525,True,1
4526,True,0
4527,False,0
4528,False,1
4529,False,1
4530,True,0
4531,False,0
4532,True,0
4533,False,1
4534,True,0
4535,True,1
4536,True,0
4537,False,0
4538,True,1
4539,False,0
4540,False,0
4541,False,0
4542,True,0
4543,True,0
4544,True,1
4545,True,1
4546,False,0
4547,True,1
4548,True,1
4549,False,1
4550,True,1
4551,True,0
4552,False,1
4553,True,1
4554,True,1
4555,False,1
4556,True,0
4557,True,0
4558,False,0
4559,False,0
4560,True,0
4561,True,1
4562,True,0
4563,True,1
4564,True,0
4565,True,1
4566,True,0
4567,True,1
4568,False,1
4569,False,1
4570,True,1
4571,True,0
4572,True,1
4573,False,1
4574,True,1
4575,False,0
4576,False,0
4577,False,0
4578,True,0
4579,True,0
4580,True,0
4581,False,0
4582,False,0
4583,True,1
4584,True,1
4585,True,0
4586,False,0
4587,True,0
4588,False,0
4589,False,0
4590,True,1
4591,True,1
4592,False,0
4593,False,0
4594,True,0
4595,False,0
4596,False,1
4597,False,0
4598,True,1
4599,False,0
4600,True,0
4601,False,1
4602,True,0
4603,False,0
4604,True,1
4605,True,0
4606,False,0
4607,False,1
4608,True,1
4609,False,1
4610,True,0
4611,True,1
4612,True,0
4613,False,0
4614,False,0
4615,True,0
4616,True,1
4617,False,0
4618,True,0
4619,True,0
4620,False,1
4621,False,1
4622,True,1
4623,False,0
4624,False,1
4625,False,1
4626,True,0
4627,False,0
4628,False,1
4629,False,0
4630,False,0
4631,False,0
4632,False,0
4633,False,0
4634,True,1
4635,False,1
4636,False,0
4637,True,0
4638,True,0
4639,False,1
4640,False,1
4641,True,0
4642,False,1
4643,True,0
4644,True,0
4645,False,1
4646,False,1
4647,False,0
4648,False,1
4649,True,0
4650,False,0
4651,True,0
4652,False,0
4653,False,1
4654,True,0
4655,False,1
4656,True,0
4657,False,1
4658,False,1
4659,True,0
4660,True,0
4661,False,0
4662,False,0
4663,False,1
4664,True,0
4665,False,0
4666,True,1
4667,True,0
4668,False,1
4669,True,0
4670,True,0
4671,False,0
4672,False,1
4673,False,0
4674,False,1
4675,True,0
4676,True,0
4677,True,0
4678,False,0
4679,False,0
4680,False,1
4681,False,1
4682,True,0
4683,False,1
4684,False,0
4685,False,0
4686,False,0
4687,True,0
4688,False,1
4689,False,0
4690,True,0
4691,True,1
4692,True,0
4693,False,0
4694,False,0
4695,False,0
4696,False,1
4697,True,0
4698,True,0
4699,False,1
4700,False,0
4701,True,0
4702,False,0
4703,False,0
4704,False,0
4705,True,0
4706,True,0
4707,False,0
4708,False,0
4709,True,0
4710,False,0
4711,False,0
4712,False,0
4713,True,0
4714,False,0
4715,False,0
4716,False,0
4717,True,0
4718,False,0
4719,False,0
4720,False,0
4721,False,0
4722,True,0
4723,False,0
4724,True,0
4725,False,0
4726,False,0
4727,False,0
4728,True,0
4729,False,0
4730,False,1
4731,False,0
4732,False,0
4733,False,0
4734,False,0
4735,True,1
4736,False,0
4737,False,0
4738,True,1
4739,False,1
4740,True,1
4741,False,1
4742,True,0
4743,False,1
4744,True,1
4745,False,0
4746,False,0
4747,False,1
4748,False,0
4749,False,1
4750,True,1
4751,False,0
4752,False,0
4753,False,1
4754,False,1
4755,False,0
4756,True,0
4757,True,1
4758,False,0
4759,False,1
4760,True,0
4761,True,0
4762,False,0
4763,False,0
4764,False,1
4765,True,0
4766,True,0
4767,True,1
4768,False,1
4769,True,0
4770,False,0
4771,False,1
4772,True,1
4773,True,0
4774,True,0
4775,False,1
4776,True,1
4777,False,1
4778,True,1
4779,True,1
4780,True,1
4781,True,1
4782,False,1
4783,True,0
4784,True,1
4785,False,1
4786,True,1
4787,False,0
4788,True,1
4789,False,1
4790,True,0
4791,False,1
4792,True,1
4793,True,1
4794,False,0
4795,False,0
4796,True,1
4797,True,0
4798,True,0
4799,True,1
4800,False,0
4801,True,0
4802,False,1
4803,True,0
4804,False,0
4805,False,0
4806,True,0
4807,False,1
4808,True,0
4809,True,0
4810,True,1
4811,False,1
4812,False,0
4813,True,1
4814,True,0
4815,False,1
4816,True,1
4817,False,0
4818,True,0
4819,True,0
4820,True,0
4821,True,0
4822,False,1
4823,True,1
4824,True,1
4825,False,0
4826,False,0
4827,False,1
4828,True,0
4829,False,0
4830,True,0
4831,False,0
4832,False,0
4833,False,1
4834,False,1
4835,True,0
4836,False,1
4837,False,1
4838,True,0
4839,True,1
4840,False,1
4841,True,0
4842,False,1
4843,False,1
4844,False,1
4845,False,0
4846,True,1
4847,True,0
4848,True,1
4849,True,0
4850,True,1
4851,False,0
4852,False,0
4853,False,1
4854,True,0
4855,False,1
4856,False,1
4857,False,0
4858,True,0
4859,False,0
4860,True,0
4861,True,1
4862,True,0
4863,True,0
4864,False,1
4865,True,0
4866,True,0
4867,False,1
4868,True,1
4869,False,1
4870,False,0
4871,False,1
4872,True,1
4873,True,0
4874,True,1
4875,True,0
4876,True,1
4877,False,1
4878,False,1
4879,True,0
4880,False,0
4881,False,0
4882,True,1
4883,False,0
4884,True,1
4885,False,0
4886,True,1
4887,True,1
4888,False,0
4889,True,0
4890,True,1
4891,True,0
4892,False,1
4893,False,0
4894,True,0
4895,False,0
4896,True,1
4897,False,0
4898,True,1
4899,False,1
4900,True,1
4901,False,0
4902,False,1
4903,True,1
4904,False,0
4905,False,0
4906,False,1
4907,False,0
4908,False,0
4909,False,0
4910,False,0
4911,True,1
4912,True,1
4913,False,1
4914,False,0
4915,False,1
4916,True,1
4917,False,1
4918,False,0
4919,False,1
4920,True,1
4921,True,1
4922,True,1
4923,False,0
4924,True,0
4925,False,1
4926,False,1
4927,True,0
4928,True,0
4929,False,0
4930,True,0
4931,True,0
4932,True,0
4933,True,0
4934,True,1
4935,True,0
4936,True,0
4937,False,0
4938,False,0
4939,False,0
4940,True,0
4941,False,0
4942,False,0
4943,False,0
4944,False,0
4945,True,0
4946,True,0
4947,True,0
4948,False,0
4949,True,0
4950,True,0
4951,False,0
4952,False,0
4953,True,0
4954,True,1
4955,False,1
4956,False,0
4957,True,0
4958,False,1
4959,False,0
4960,False,1
4961,True,0
4962,True,1
4963,False,0
4964,False,0
4965,False,0
4966,True,1
4967,True,0
4968,False,1
4969,True,1
4970,True,1
4971,False,0
4972,False,0
4973,False,0
4974,False,1
4975,True,0
4976,False,0
4977,False,1
4978,True,0
4979,False,1
4980,False,1
4981,True,0
4982,True,0
4983,False,0
4984,False,1
4985,True,1
4986,True,0
4987,False,1
4988,False,0
4989,True,0
4990,False,1
4991,True,0
4992,False,0
4993,False,0
4994,False,1
4995,True,0
4996,False,0
4997,False,1
4998,True,0
4999,True,0
5000,True,0
5001,False,0
5002,True,0
5003,True,0
5004,False,1
5005,True,0
5006,True,1
5007,True,0
5008,False,0
5009,False,0
5010,True,0
5011,False,0
5012,True,0
5013,False,1
5014,True,0
5015,True,1
5016,True,0
5017,False,1
5018,False,1
5019,False,0
5020,False,1
5021,True,1
5022,False,0
5023,True,0
5024,True,1
5025,True,0
5026,False,0
5027,False,1
5028,False,1
5029,True,0
5030,False,0
5031,False,0
5032,False,1
5033,True,0
5034,False,0
5035,False,1
5036,False,0
5037,True,0
5038,False,0
5039,False,0
5040,True,0
5041,False,1
5042,False,1
5043,False,1
5044,False,1
5045,False,0
5046,False,1
5047,False,0
5048,True,0
5049,False,0
5050,False,1
5051,True,0
5052,False,0
5053,False,0
5054,False,0
5055,False,0
5056,False,0
5057,True,1
5058,True,1
5059,False,1
5060,False,1
5061,False,1
5062,True,0
5063,True,0
5064,True,0
5065,True,1
5066,False,0
5067,True,0
5068,True,0
5069,False,0
5070,True,0
5071,False,1
5072,True,0
5073,True,0
5074,False,1
5075,False,1
5076,True,0
5077,False,1
5078,False,0
5079,False,1
5080,False,1
5081,False,0
5082,False,1
5083,True,0
5084,True,1
5085,False,0
5086,True,0
5087,False,1
5088,True,0
5089,False,1
5090,False,0
5091,True,1
5092,True,0
5093,True,1
5094,False,0
5095,False,1
5096,True,1
5097,False,1
5098,False,1
5099,False,1
5100,True,0
5101,True,1
5102,False,0
5103,False,1
5104,False,0
5105,False,0
5106,True,0
5107,False,1
5108,False,1
5109,True,0
5110,True,1
5111,True,1
5112,True,1
5113,True,1
5114,True,1
5115,True,1
5116,False,0
5117,True,0
5118,True,0
5119,False,1
5120,False,0
5121,False,0
5122,False,1
5123,True,0
5124,False,0
5125,True,0
5126,True,1
5127,True,0
5128,True,0
5129,False,1
5130,False,0
5131,True,1
5132,True,1
5133,True,1
5134,False,0
5135,False,0
5136,False,1
5137,False,1
5138,False,1
5139,False,0
5140,False,1
5141,True,1
5142,False,0
5143,False,0
5144,True,1
5145,True,0
5146,True,1
5147,True,0
5148,True,1
5149,True,1
5150,False,1
5151,True,0
5152,True,0
5153,True,1
5154,False,1
5155,True,0
5156,False,0
5157,True,0
5158,False,0
5159,False,0
5160,True,1
5161,False,0
5162,False,1
5163,True,0
5164,False,1
5165,True,1
5166,True,0
5167,False,1
5168,False,1
5169,False,1
5170,True,0
5171,True,0
5172,False,1
5173,True,1
5174,False,0
5175,False,1
5176,False,0
5177,False,0
5178,True,0
5179,False,0
5180,True,1
5181,False,1
5182,True,0
5183,True,1
5184,False,0
5185,True,0
5186,False,0
5187,True,0
5188,False,0
5189,True,0
5190,False,0
5191,False,1
5192,True,0
5193,False,0
5194,False,1
5195,True,0
5196,True,0
5197,True,0
5198,False,0
5199,True,0
5200,True,1
5201,True,0
5202,True,0
5203,True,0
5204,True,0
5205,True,0
5206,True,1
5207,False,0
5208,True,0
5209,False,0
5210,False,0
5211,True,0
5212,True,0
5213,False,0
5214,True,0
5215,True,0
5216,True,0
5217,False,0
5218,True,0
5219,True,0
5220,True,1
5221,True,0
5222,True,0
5223,True,0
5224,True,0
5225,False,1
5226,True,0
5227,True,0
5228,False,1
5229,False,0
5230,False,0
5231,False,0
5232,False,0
5233,True,0
5234,False,0
5235,False,0
5236,True,0
5237,True,0
5238,False,0
5239,True,0
5240,True,0
5241,True,0
5242,True,0
5243,True,0
5244,False,0
5245,False,0
5246,True,0
5247,False,1
5248,False,0
5249,True,0
5250,True,0
5251,False,0
5252,True,1
5253,False,0
5254,True,0
5255,True,0
5256,False,0
5257,False,0
5258,True,1
5259,False,0
5260,False,0
5261,False,0
5262,False,0
5263,False,0
5264,True,0
5265,True,0
5266,False,0
5267,False,0
5268,False,0
5269,True,0
5270,True,0
5271,False,0
5272,False,0
5273,False,0
5274,False,0
5275,True,0
5276,False,0
5277,False,0
5278,True,0
5279,True,0
5280,True,0
5281,True,0
5282,False,0
5283,True,0
5284,True,0
5285,True,0
5286,False,0
5287,True,0
5288,False,1
5289,True,0
5290,False,1
5291,False,1
5292,False,1
5293,True,0
5294,True,1
5295,False,0
5296,True,0
5297,False,0
5298,False,0
5299,False,0
5300,True,1
5301,True,1
5302,False,1
5303,False,0
5304,False,1
5305,True,1
5306,True,1
5307,False,0
5308,True,0
5309,False,0
5310,True,1
5311,True,0
5312,True,1
5313,True,1
5314,True,1
5315,False,1
5316,True,0
5317,False,0
5318,True,1
5319,True,0
5320,True,1
5321,True,0
5322,True,1
5323,False,1
5324,True,0
5325,True,1
5326,False,1
5327,True,0
5328,True,1
5329,False,1
5330,True,1
5331,True,0
5332,True,0
5333,False,1
5334,True,0
5335,False,0
5336,True,1
5337,False,1
5338,True,1
5339,False,0
5340,False,0
5341,False,0
5342,False,0
5343,False,1
5344,True,0
5345,False,0
5346,True,0
5347,False,0
5348,True,1
5349,False,1
5350,False,1
5351,False,1
5352,False,0
5353,True,1
5354,False,1
5355,False,0
5356,True,0
5357,False,1
5358,False,0
5359,False,1
5360,False,1
5361,False,0
5362,True,1
5363,True,0
5364,True,0
5365,False,0
5366,False,0
5367,True,1
5368,False,1
5369,True,1
5370,False,1
5371,False,1
5372,True,1
5373,False,0
5374,True,1
5375,True,0
5376,True,0
5377,True,0
5378,True,0
5379,True,0
5380,False,1
5381,False,0
5382,False,0
5383,False,1
5384,True,1
5385,True,0
5386,True,0
5387,False,0
5388,False,0
5389,True,0
5390,True,0
5391,True,0
5392,True,1
5393,True,0
5394,False,0
5395,False,0
5396,True,0
5397,True,0
5398,False,0
5399,False,0
5400,False,0
5401,True,0
5402,True,0
5403,False,1
5404,False,1
5405,False,0
5406,True,0
5407,False,1
5408,True,1
5409,False,1
5410,True,1
5411,False,1
5412,True,0
5413,True,0
5414,True,1
5415,True,1
5416,True,1
5417,False,0
5418,False,1
5419,True,0
5420,True,0
5421,False,0
5422,True,1
5423,False,0
5424,False,1
5425,False,0
5426,False,0
5427,False,0
5428,True,1
5429,True,1
5430,True,1
5431,False,1
5432,True,0
5433,True,1
5434,False,1
5435,False,1
5436,True,1
5437,True,1
5438,False,0
5439,True,0
5440,False,1
5441,True,0
5442,False,1
5443,True,0
5444,True,1
5445,True,0
5446,False,0
5447,False,0
5448,False,1
5449,True,1
5450,True,0
5451,False,1
5452,False,1
5453,False,1
5454,False,0
5455,True,1
5456,True,1
5457,False,0
5458,False,1
5459,True,1
5460,True,1
5461,True,0
5462,True,0
5463,True,0
5464,True,0
5465,False,1
5466,True,1
5467,True,1
5468,False,1
5469,False,0
5470,True,0
5471,True,0
5472,False,0
5473,False,0
5474,False,0
5475,False,0
5476,False,1
5477,False,0
5478,False,0
5479,False,0
5480,False,0
5481,False,1
5482,True,1
5483,False,0
5484,True,1
5485,False,0
5486,True,0
5487,False,1
5488,True,0
5489,True,0
5490,False,1
5491,True,1
5492,False,0
5493,False,1
5494,False,0
5495,True,0
5496,True,1
5497,True,1
5498,False,1
5499,True,0
5500,True,0
5501,True,0
5502,True,0
5503,True,0
5504,True,0
5505,True,0
5506,True,0
5507,True,0
5508,True,0
5509,True,0
5510,True,0
5511,True,0
5512,True,0
5513,True,0
5514,True,0
5515,True,0
5516,True,0
5517,True,0
5518,True,0
5519,True,0
5520,True,0
5521,True,0
5522,True,0
5523,True,0
5524,True,0
5525,False,0
5526,True,0
5527,True,0
5528,True,0
5529,False,1
5530,False,1
5531,True,1
5532,False,0
5533,True,0
5534,False,0
5535,False,1
5536,True,0
5537,False,1
5538,False,1
5539,True,0
5540,True,1
5541,True,0
5542,True,1
5543,False,0
5544,False,0
5545,True,0
5546,False,0
5547,False,0
5548,False,0
5549,False,0
5550,False,1
5551,False,0
5552,False,1
5553,False,0
5554,True,0
5555,False,1
5556,False,0
5557,False,0
5558,True,0
5559,True,0
5560,False,1
5561,False,0
5562,False,1
5563,False,1
5564,True,0
5565,True,0
5566,True,0
5567,False,0
5568,True,0
5569,True,1
5570,False,0
5571,False,0
5572,False,1
5573,True,0
5574,False,0
5575,False,1
5576,False,1
5577,False,0
5578,False,1
5579,False,1
5580,False,1
5581,False,0
5582,False,0
5583,False,1
5584,False,1
5585,True,0
5586,True,0
5587,True,0
5588,False,1
5589,True,0
5590,False,1
5591,True,0
5592,False,1
5593,False,0
5594,False,0
5595,True,0
5596,True,0
5597,False,1
5598,True,0
5599,False,1
5600,True,0
5601,False,1
5602,True,0
5603,False,0
5604,False,0
5605,True,0
5606,False,0
5607,True,0
5608,True,0
5609,True,0
5610,False,0
5611,True,0
5612,True,0
5613,True,0
5614,False,0
5615,True,0
5616,False,0
5617,False,1
5618,False,1
5619,False,1
5620,False,0
5621,False,1
5622,True,0
5623,False,1
5624,False,0
5625,False,0
5626,False,1
5627,False,0
5628,False,1
5629,True,0
5630,True,0
5631,False,1
5632,False,1
5633,False,0
5634,False,0
5635,False,1
5636,True,0
5637,False,0
5638,False,0
5639,False,0
5640,False,0
5641,True,0
5642,False,1
5643,False,1
5644,True,0
5645,False,1
5646,False,1
5647,False,1
5648,True,0
5649,False,0
5650,False,1
5651,True,0
5652,True,0
5653,False,0
5654,False,1
5655,False,0
5656,True,0
5657,False,1
5658,False,0
5659,True,0
5660,False,0
5661,False,0
5662,False,1
5663,True,0
5664,False,1
5665,False,0
5666,True,0
5667,False,0
5668,False,1
5669,False,1
5670,True,0
5671,False,1
5672,False,0
5673,False,1
5674,True,0
5675,True,0
5676,True,0
5677,False,0
5678,True,0
5679,False,1
5680,False,0
5681,True,0
5682,False,0
5683,True,1
5684,True,0
5685,False,1
5686,True,0
5687,True,0
5688,True,0
5689,False,1
5690,False,0
5691,False,1
5692,True,0
5693,True,0
5694,False,0
5695,True,1
5696,False,0
5697,False,1
5698,True,1
5699,True,1
5700,True,1
5701,False,0
5702,False,1
5703,False,1
5704,True,0
5705,True,1
5706,True,1
5707,False,0
5708,False,1
5709,True,1
5710,False,0
5711,True,1
5712,False,0
5713,True,0
5714,True,1
5715,True,1
5716,False,1
5717,False,0
5718,True,1
5719,True,1
5720,True,0
5721,True,1
5722,True,1
5723,False,0
5724,True,1
5725,True,0
5726,False,1
5727,False,0
5728,True,1
5729,True,0
5730,False,0
5731,True,1
5732,True,1
5733,False,0
5734,False,0
5735,True,0
5736,False,1
5737,False,1
5738,False,1
5739,True,0
5740,True,0
5741,True,0
5742,False,1
5743,True,1
5744,False,1
5745,False,0
5746,True,0
5747,False,1
5748,True,0
5749,True,0
5750,True,0
5751,True,0
5752,True,1
5753,False,0
5754,False,0
5755,False,1
5756,False,1
5757,False,0
5758,False,1
5759,True,1
5760,False,0
5761,False,1
5762,True,1
5763,True,0
5764,True,0
5765,False,0
5766,False,0
5767,False,0
5768,True,0
5769,True,1
5770,False,0
5771,False,1
5772,True,1
5773,False,1
5774,True,0
5775,False,0
5776,False,1
5777,True,1
5778,False,1
5779,False,0
5780,True,0
5781,False,1
5782,False,1
5783,False,0
5784,False,0
5785,False,0
5786,True,1
5787,True,0
5788,True,1
5789,True,0
5790,True,0
5791,False,1
5792,False,0
5793,False,0
5794,True,0
5795,False,0
5796,True,0
5797,False,1
5798,False,1
5799,True,0
5800,False,0
5801,False,1
5802,True,0
5803,False,0
5804,False,1
5805,False,1
5806,False,0
5807,False,1
5808,False,1
5809,False,0
5810,True,1
5811,False,1
5812,False,1
5813,False,1
5814,False,1
5815,False,0
5816,False,0
5817,False,1
5818,False,0
5819,False,1
5820,True,0
5821,False,1
5822,False,0
5823,True,0
5824,True,1
5825,False,1
5826,True,0
5827,False,0
5828,True,0
5829,False,1
5830,True,0
5831,False,0
5832,True,0
5833,False,0
5834,True,0
5835,True,0
5836,False,1
5837,False,0
5838,True,0
5839,False,0
5840,False,0
5841,False,1
5842,False,1
5843,True,0
5844,True,0
5845,True,1
5846,False,0
5847,False,1
5848,False,1
5849,False,0
5850,True,0
5851,True,0
5852,False,0
5853,False,0
5854,True,0
5855,True,0
5856,False,1
5857,True,0
5858,False,1
5859,False,0
5860,False,1
5861,True,0
5862,True,0
5863,False,0
5864,False,1
5865,True,0
5866,False,1
5867,True,0
5868,True,0
5869,False,1
5870,True,1
5871,False,0
5872,True,0
5873,True,1
5874,True,0
5875,False,1
5876,False,1
5877,True,0
5878,False,0
5879,True,1
5880,True,0
5881,False,1
5882,False,1
5883,True,1
5884,False,1
5885,True,1
5886,False,0
5887,True,1
5888,False,0
5889,True,1
5890,False,1
5891,True,0
5892,True,0
5893,False,1
5894,False,0
5895,False,0
5896,True,1
5897,True,1
5898,True,0
5899,True,0
5900,False,0
5901,True,0
5902,True,1
5903,True,1
5904,True,1
5905,True,0
5906,False,0
5907,False,1
5908,False,0
5909,True,0
5910,True,1
5911,False,0
5912,True,1
5913,True,0
5914,True,1
5915,True,0
5916,True,1
5917,False,0
5918,True,0
5919,False,0
5920,True,0
5921,False,1
5922,True,0
5923,True,0
5924,False,0
5925,False,0
5926,False,1
5927,True,0
5928,False,0
5929,False,0
5930,True,1
5931,False,0
5932,False,1
5933,True,1
5934,False,1
5935,False,0
5936,False,0
5937,True,1
5938,False,0
5939,False,1
5940,False,1
5941,False,1
5942,True,1
5943,True,0
5944,False,1
5945,False,0
5946,True,1
5947,False,1
5948,False,1
5949,True,0
5950,False,1
5951,True,0
5952,True,0
5953,True,1
5954,False,0
5955,True,1
5956,True,1
5957,False,1
5958,True,1
5959,False,0
5960,False,1
5961,False,0
5962,False,0
5963,False,1
5964,False,1
5965,True,0
5966,True,0
5967,True,0
5968,False,0
5969,True,1
5970,True,1
5971,False,1
5972,False,0
5973,False,0
5974,True,1
5975,False,0
5976,False,1
5977,False,1
5978,False,1
5979,False,1
5980,True,1
5981,True,1
5982,True,0
5983,True,0
5984,True,0
5985,False,0
5986,False,0
5987,True,0
5988,True,0
5989,False,0
5990,True,1
5991,True,1
5992,True,0
5993,False,1
5994,True,1
5995,False,1
5996,False,0
5997,True,1
5998,False,1
5999,True,1
6000,True,0
6001,True,1
6002,False,0
6003,True,0
6004,True,1
6005,False,1
6006,True,0
6007,False,0
6008,True,0
6009,False,0
6010,False,0
6011,False,0
6012,False,1
6013,True,1
6014,True,0
6015,True,0
6016,False,0
6017,True,1
6018,False,1
6019,False,1
6020,True,0
6021,False,1
6022,True,1
6023,True,1
6024,True,1
6025,False,1
6026,False,0
6027,False,1
6028,True,0
6029,True,1
6030,False,1
6031,True,0
6032,False,1
6033,False,0
6034,False,1
6035,True,1
6036,True,1
6037,True,1
6038,False,1
6039,True,0
6040,True,0
6041,True,0
6042,True,1
6043,False,0
6044,False,0
6045,True,1
6046,False,0
6047,True,0
6048,False,0
6049,True,0
6050,True,1
6051,False,1
6052,False,1
6053,True,0
6054,False,1
6055,True,1
6056,False,0
6057,False,0
6058,False,0
6059,False,0
6060,False,1
6061,False,0
6062,False,1
6063,True,0
6064,False,0
6065,True,0
6066,True,0
6067,True,1
6068,False,0
6069,False,0
6070,False,1
6071,False,1
6072,True,1
6073,False,0
6074,False,1
6075,True,0
6076,True,1
6077,False,0
6078,True,1
6079,True,0
6080,True,1
6081,False,1
6082,False,1
6083,False,1
6084,True,1
6085,False,0
6086,True,0
6087,False,1
6088,False,0
6089,True,0
6090,False,1
6091,True,1
6092,False,0
6093,True,0
6094,True,0
6095,False,1
6096,True,1
6097,True,1
6098,False,0
6099,False,1
6100,False,0
6101,True,1
6102,False,0
6103,False,1
6104,False,1
6105,False,1
6106,True,0
6107,False,1
6108,True,1
6109,True,1
6110,False,0
6111,True,0
6112,True,0
6113,True,0
6114,False,0
6115,True,0
6116,False,1
6117,True,1
6118,False,0
6119,True,0
6120,True,1
6121,False,0
6122,False,1
6123,True,0
6124,False,0
6125,False,0
6126,False,0
6127,True,0
6128,True,0
6129,True,0
6130,True,0
6131,False,1
6132,True,1
6133,False,1
6134,True,1
6135,False,0
6136,True,0
6137,True,1
6138,True,0
6139,True,1
6140,True,1
6141,False,1
6142,False,1
6143,True,1
6144,True,0
6145,False,1
6146,True,1
6147,False,1
6148,False,1
6149,True,1
6150,True,0
6151,False,0
6152,False,0
6153,True,0
6154,True,0
6155,True,1
6156,False,0
6157,False,0
6158,False,1
6159,False,0
6160,False,1
6161,False,0
6162,True,1
6163,True,1
6164,True,1
6165,False,0
6166,True,0
6167,False,0
6168,True,1
6169,False,0
6170,True,0
6171,True,0
6172,False,1
6173,True,0
6174,False,1
6175,False,0
6176,True,0
6177,True,1
6178,False,1
6179,False,0
6180,True,1
6181,True,0
6182,True,0
6183,False,0
6184,True,0
6185,True,0
6186,False,1
6187,False,0
6188,False,1
6189,False,0
6190,False,1
6191,True,0
6192,True,1
6193,True,1
6194,False,0
6195,True,1
6196,True,1
6197,True,1
6198,True,1
6199,False,0
6200,True,0
6201,False,1
6202,False,0
6203,False,0
6204,True,1
6205,False,0
6206,False,1
6207,False,1
6208,False,1
6209,True,0
6210,True,1
6211,True,1
6212,False,1
6213,True,1
6214,True,0
6215,True,0
6216,False,1
6217,False,1
6218,True,1
6219,False,1
6220,False,0
6221,False,0
6222,True,0
6223,True,1
6224,True,1
6225,False,0
6226,False,1
6227,False,0
6228,True,0
6229,False,1
6230,True,1
6231,False,0
6232,False,0
6233,True,0
6234,True,0
6235,True,0
6236,True,1
6237,False,1
6238,True,1
6239,True,0
6240,False,1
6241,False,0
6242,True,1
6243,False,1
6244,True,0
6245,False,0
6246,False,1
6247,False,1
6248,False,0
6249,True,0
6250,False,0
6251,True,1
6252,True,1
6253,True,0
6254,True,1
6255,False,1
6256,False,1
6257,True,0
6258,True,0
6259,False,1
6260,False,1
6261,True,1
6262,False,0
6263,False,0
6264,True,0
6265,False,0
6266,False,0
6267,False,1
6268,False,0
6269,True,0
6270,True,0
6271,False,0
6272,True,0
6273,True,0
6274,False,0
6275,False,0
6276,False,1
6277,False,0
6278,True,0
6279,False,0
6280,True,0
6281,False,0
6282,True,0
6283,False,0
6284,True,0
6285,True,1
6286,False,0
6287,True,0
6288,True,0
6289,True,0
6290,False,1
6291,False,0
6292,False,0
6293,True,0
6294,True,0
6295,True,0
6296,False,0
6297,False,0
6298,True,0
6299,False,0
6300,True,0
6301,False,0
6302,True,0
6303,True,0
6304,False,0
6305,True,0
6306,True,0
6307,True,0
6308,True,0
6309,False,0
6310,True,0
6311,True,0
6312,False,0
6313,False,0
6314,False,0
6315,True,0
6316,False,1
6317,True,0
6318,False,1
6319,True,1
6320,True,0
6321,True,0
6322,False,0
6323,False,1
6324,False,1
6325,True,1
6326,True,0
6327,False,0
6328,False,1
6329,True,1
6330,True,0
6331,True,1
6332,True,0
6333,True,0
6334,True,1
6335,True,1
6336,False,0
6337,False,1
6338,True,0
6339,True,0
6340,False,1
6341,True,0
6342,False,1
6343,False,0
6344,False,0
6345,True,1
6346,True,0
6347,True,0
6348,False,0
6349,False,0
6350,True,0
6351,False,1
6352,True,0
6353,False,0
6354,False,1
6355,True,1
6356,False,1
6357,False,0
6358,True,0
6359,False,0
6360,True,1
6361,False,0
6362,True,0
6363,False,0
6364,True,0
6365,False,1
6366,False,0
6367,False,1
6368,True,1
6369,False,0
6370,False,0
6371,False,0
6372,False,1
6373,False,0
6374,False,0
6375,False,1
6376,False,1
6377,True,0
6378,True,0
6379,False,0
6380,False,0
6381,True,1
6382,True,0
6383,True,0
6384,False,1
6385,True,1
6386,False,0
6387,False,1
6388,False,0
6389,False,1
6390,True,0
6391,False,0
6392,False,0
6393,False,1
6394,False,0
6395,False,1
6396,True,1
6397,True,0
6398,False,1
6399,True,0
6400,True,1
6401,True,1
6402,False,0
6403,False,1
6404,False,0
6405,True,0
6406,False,1
6407,True,0
6408,False,1
6409,False,1
6410,False,1
6411,False,0
6412,False,1
6413,False,0
6414,True,0
6415,False,0
6416,True,0
6417,False,1
6418,True,0
6419,True,1
6420,False,0
6421,False,1
6422,False,1
6423,False,0
6424,False,1
6425,True,0
6426,True,1
6427,False,0
6428,True,1
6429,False,1
6430,False,1
6431,True,0
6432,True,1
6433,False,0
6434,False,0
6435,True,0
6436,False,1
6437,False,0
6438,False,0
6439,True,0
6440,False,1
6441,True,0
6442,False,0
6443,True,0
6444,False,0
6445,False,0
6446,False,1
6447,True,0
6448,False,0
6449,False,0
6450,True,0
6451,False,0
6452,False,1
6453,False,1
6454,True,0
6455,False,0
6456,True,0
6457,True,0
6458,False,1
6459,False,1
6460,False,1
6461,True,1
6462,True,0
6463,False,1
6464,False,0
6465,False,1
6466,True,0
6467,True,0
6468,True,0
6469,True,0
6470,False,1
6471,False,0
6472,False,0
6473,True,0
6474,True,0
6475,False,0
6476,False,0
6477,False,1
6478,False,1
6479,True,0
6480,True,0
6481,False,0
6482,True,0
6483,False,0
6484,True,0
6485,True,0
6486,True,0
6487,True,0
6488,False,0
6489,True,0
6490,False,0
6491,False,0
6492,True,0
6493,True,0
6494,False,0
6495,True,0
6496,True,0
6497,True,0
6498,True,0
6499,False,0
6500,False,0
6501,False,0
6502,False,0
6503,False,0
6504,False,0
6505,True,0
6506,True,0
6507,False,0
6508,False,0
6509,False,0
6510,False,0
6511,True,0
6512,False,1
6513,True,0
6514,True,0
6515,False,0
6516,True,0
6517,True,0
6518,True,0
6519,False,0
6520,False,0
6521,False,0
6522,False,0
6523,True,0
6524,False,0
6525,False,0
6526,True,0
6527,True,0
6528,False,0
6529,True,1
6530,True,0
6531,True,0
6532,False,0
6533,False,0
6534,False,1
6535,False,1
6536,True,0
6537,True,0
6538,True,0
6539,False,1
6540,False,1
6541,True,0
6542,False,1
6543,True,0
6544,False,0
6545,True,1
6546,False,1
6547,True,0
6548,False,0
6549,True,1
6550,True,0
6551,False,1
6552,False,1
6553,True,0
6554,True,0
6555,True,0
6556,True,0
6557,True,0
6558,True,0
6559,True,1
6560,True,0
6561,False,1
6562,True,0
6563,False,0
6564,True,0
6565,True,1
6566,True,0
6567,True,1
6568,True,1
6569,False,1
6570,True,1
6571,True,0
6572,True,0
6573,False,1
6574,False,1
6575,True,1
6576,False,1
6577,True,1
6578,False,1
6579,False,1
6580,False,1
6581,True,0
6582,True,0
6583,True,0
6584,False,0
6585,True,0
6586,True,0
6587,False,1
6588,False,1
6589,True,0
6590,False,1
6591,False,0
6592,True,1
6593,True,1
6594,True,0
6595,True,1
6596,False,0
6597,True,1
6598,False,0
6599,True,1
6600,False,0
6601,True,0
6602,False,1
6603,True,1
6604,False,0
6605,True,1
6606,True,1
6607,False,1
6608,True,1
6609,False,0
6610,False,1
6611,True,0
6612,False,1
6613,True,0
6614,False,1
6615,False,1
6616,False,1
6617,False,1
6618,True,0
6619,False,0
6620,False,1
6621,True,0
6622,True,0
6623,True,0
6624,False,1
6625,False,1
6626,True,1
6627,True,0
6628,True,0
6629,True,1
6630,True,0
6631,True,1
6632,False,0
6633,True,0
6634,False,0
6635,True,0
6636,False,0
6637,False,0
6638,True,0
6639,False,0
6640,False,1
6641,False,0
6642,False,0
6643,True,1
6644,True,0
6645,False,1
6646,True,1
6647,False,0
6648,True,1
6649,True,0
6650,False,0
6651,True,1
6652,False,0
6653,True,0
6654,False,1
6655,True,0
6656,True,0
6657,True,1
6658,False,0
6659,False,1
6660,False,0
6661,True,1
6662,False,1
6663,False,1
6664,False,1
6665,True,0
6666,False,0
6667,False,1
6668,False,0
6669,True,1
6670,True,1
6671,True,1
6672,False,0
6673,True,0
6674,True,1
6675,True,0
6676,False,1
6677,False,1
6678,True,1
6679,False,1
6680,False,0
6681,False,1
6682,True,0
6683,True,0
6684,True,1
6685,True,1
6686,True,0
6687,False,1
6688,False,1
6689,False,0
6690,False,0
6691,False,1
6692,True,1
6693,True,1
6694,False,1
6695,False,1
6696,False,0
6697,True,1
6698,True,0
6699,True,0
6700,True,1
6701,False,1
6702,True,1
6703,False,1
6704,True,1
6705,True,1
6706,True,1
6707,False,1
6708,True,0
6709,False,0
6710,True,0
6711,False,1
6712,False,0
6713,False,0
6714,True,0
6715,True,0
6716,True,1
6717,True,0
6718,False,1
6719,False,1
6720,True,1
6721,False,1
6722,False,0
6723,True,1
6724,True,0
6725,False,1
6726,True,1
6727,True,1
6728,False,1
6729,True,1
6730,True,1
6731,False,1
6732,False,1
6733,True,1
6734,False,0
6735,False,1
6736,False,0
6737,True,1
6738,False,0
6739,True,0
6740,True,0
6741,False,0
6742,False,1
6743,True,1
6744,False,1
6745,False,1
6746,True,1
6747,True,1
6748,True,1
6749,False,0
6750,True,0
6751,False,1
6752,True,0
6753,False,0
6754,True,1
6755,True,0
6756,True,0
6757,False,0
6758,False,0
6759,False,1
6760,True,0
6761,False,1
6762,False,0
6763,False,0
6764,True,0
6765,False,0
6766,False,1
6767,True,1
6768,False,1
6769,True,1
6770,False,0
6771,True,0
6772,False,0
6773,False,0
6774,True,0
6775,True,0
6776,False,0
6777,True,1
6778,True,0
6779,False,0
6780,False,0
6781,True,0
6782,False,1
6783,True,0
6784,True,0
6785,True,0
6786,False,1
6787,False,0
6788,True,0
6789,False,0
6790,False,0
6791,True,1
6792,False,0
6793,False,0
6794,False,1
6795,False,0
6796,False,1
6797,True,0
6798,True,1
6799,False,1
6800,True,0
6801,True,1
6802,True,1
6803,True,0
6804,True,1
6805,False,0
6806,False,0
6807,True,1
6808,True,0
6809,False,1
6810,False,1
6811,False,0
6812,True,0
6813,False,0
6814,True,0
6815,False,0
6816,False,1
6817,False,1
6818,True,1
6819,False,1
6820,True,0
6821,False,0
6822,True,0
6823,True,0
6824,True,0
6825,True,1
6826,False,0
6827,False,1
6828,True,1
6829,True,0
6830,True,1
6831,False,1
6832,True,1
6833,True,1
6834,False,0
6835,False,0
6836,True,0
6837,False,0
6838,True,0
6839,False,1
6840,False,0
6841,False,1
6842,False,0
6843,False,1
6844,True,1
6845,False,0
6846,True,0
6847,False,0
6848,False,1
6849,False,1
6850,True,1
6851,True,0
6852,True,0
6853,False,0
6854,False,0
6855,True,1
6856,True,0
6857,True,0
6858,False,0
6859,False,0
6860,True,0
6861,True,0
6862,True,1
6863,True,0
6864,False,0
6865,False,1
6866,False,0
6867,True,1
6868,False,1
6869,True,0
6870,True,0
6871,True,1
6872,False,1
6873,False,0
6874,True,0
6875,False,1
6876,True,1
6877,True,1
6878,False,0
6879,False,1
6880,False,1
6881,True,1
6882,True,0
6883,True,1
6884,True,1
